session,product
a44a2e1b4dabcf3b/1,12
a44a2e1b4dabcf3b/1,3036
a44a2e1b4dabcf3b/1,671
a44a2e1b4dabcf3b/1,3096
a44a2e1b4dabcf3b/1,682
a44a2e1b4dabcf3b/1,3087
dd2acf45617d2beb/3,62
dd2acf45617d2beb/3,129
dd2acf45617d2beb/3,297
dd2acf45617d2beb/3,202
dd2acf45617d2beb/3,1370
dd2acf45617d2beb/3,581
dd2acf45617d2beb/3,226
dd2acf45617d2beb/3,438
dd2acf45617d2beb/3,1146
e25f5c568859a653/18,1374
5ed6835cdf03ed03/1,3611
99a5d409cc31cce5/1,147
99a5d409cc31cce5/2,1908
99a5d409cc31cce5/2,199
99a5d409cc31cce5/2,281
99a5d409cc31cce5/2,582
99a5d409cc31cce5/2,1154
99a5d409cc31cce5/2,1382
99a5d409cc31cce5/2,1579
99a5d409cc31cce5/2,1895
99a5d409cc31cce5/2,2099
99a5d409cc31cce5/3,230
99a5d409cc31cce5/5,3157
99a5d409cc31cce5/5,3100
99a5d409cc31cce5/5,3030
99a5d409cc31cce5/5,3143
99a5d409cc31cce5/5,3148
99a5d409cc31cce5/5,3086
99a5d409cc31cce5/5,3123
99a5d409cc31cce5/5,3274
99a5d409cc31cce5/5,3265
0b6af7bde8cbd6f3/3,4356
0b6af7bde8cbd6f3/3,4317
091c6b34a33340ac/4,206
091c6b34a33340ac/4,199
091c6b34a33340ac/5,37
091c6b34a33340ac/5,43
5e0f0a080ca6f091/4,198
5e0f0a080ca6f091/4,362
5e0f0a080ca6f091/4,590
5e0f0a080ca6f091/4,993
5e0f0a080ca6f091/4,1219
5e0f0a080ca6f091/4,1423
5e0f0a080ca6f091/4,1499
cc3eaabfd55b2caf/1,235
cc3eaabfd55b2caf/1,1183
5c46457f3679f449/1,37
5c46457f3679f449/1,922
5c46457f3679f449/1,1530
5c46457f3679f449/2,37
5c46457f3679f449/2,43
5c46457f3679f449/2,959
5c46457f3679f449/3,26
5c46457f3679f449/3,170
5c46457f3679f449/3,959
5c46457f3679f449/3,2103
5c46457f3679f449/5,37
5c46457f3679f449/6,37
5c46457f3679f449/6,1415
5c46457f3679f449/6,16
5c46457f3679f449/6,976
b4388acb8547de5b/1,1108
018ed998764f26a9/1,253
018ed998764f26a9/1,259
018ed998764f26a9/1,1279
018ed998764f26a9/1,1423
7ea8ad62557c74b5/11,170
7ea8ad62557c74b5/12,147
ee8b08a3389f6a98/8,265
ee8b08a3389f6a98/8,138
ee8b08a3389f6a98/8,1453
ee8b08a3389f6a98/9,138
ee8b08a3389f6a98/10,101
ee8b08a3389f6a98/10,138
ee8b08a3389f6a98/10,595
ee8b08a3389f6a98/10,1121
ee8b08a3389f6a98/10,310
ee8b08a3389f6a98/10,1174
ee8b08a3389f6a98/10,1317
ee8b08a3389f6a98/10,1320
ee8b08a3389f6a98/10,537
ee8b08a3389f6a98/10,2226
ee8b08a3389f6a98/10,2304
ee8b08a3389f6a98/10,780
ee8b08a3389f6a98/10,929
ee8b08a3389f6a98/10,1584
ee8b08a3389f6a98/10,2740
ee8b08a3389f6a98/10,2626
ee8b08a3389f6a98/10,1713
749e452619f67c1e/7,1423
749e452619f67c1e/7,4248
749e452619f67c1e/8,555
749e452619f67c1e/8,1416
749e452619f67c1e/8,232
749e452619f67c1e/8,1108
749e452619f67c1e/8,1423
940312b3f3896f50/1,226
940312b3f3896f50/1,669
2a938d8ded770ac0/5,306
2a938d8ded770ac0/5,353
2a938d8ded770ac0/5,206
2a938d8ded770ac0/5,188
2a938d8ded770ac0/5,1599
2a938d8ded770ac0/5,346
2a938d8ded770ac0/5,2103
2a938d8ded770ac0/5,1376
2a938d8ded770ac0/6,184
2a938d8ded770ac0/6,306
2a938d8ded770ac0/6,958
2a938d8ded770ac0/7,306
2a938d8ded770ac0/7,1045
2a938d8ded770ac0/7,2204
2a938d8ded770ac0/9,202
2a938d8ded770ac0/9,1374
2a938d8ded770ac0/10,353
2a938d8ded770ac0/10,693
2a938d8ded770ac0/10,232
2a938d8ded770ac0/11,259
e928f140b744382f/224,170
e928f140b744382f/230,26
e928f140b744382f/266,170
e928f140b744382f/274,170
e928f140b744382f/274,296
ed9df798595c4ea8/10,26
ed9df798595c4ea8/10,62
ed9df798595c4ea8/10,255
ed9df798595c4ea8/11,62
ed9df798595c4ea8/12,62
ed9df798595c4ea8/12,255
ed9df798595c4ea8/12,297
ed9df798595c4ea8/12,425
ed9df798595c4ea8/12,460
ed9df798595c4ea8/12,627
ed9df798595c4ea8/15,674
ed9df798595c4ea8/19,55
ed9df798595c4ea8/19,674
606c6fd4c64b3f12/7,3694
606c6fd4c64b3f12/9,1168
606c6fd4c64b3f12/10,48
606c6fd4c64b3f12/10,129
606c6fd4c64b3f12/10,187
606c6fd4c64b3f12/10,193
606c6fd4c64b3f12/12,48
606c6fd4c64b3f12/12,129
606c6fd4c64b3f12/12,583
606c6fd4c64b3f12/13,48
606c6fd4c64b3f12/13,129
606c6fd4c64b3f12/14,29
606c6fd4c64b3f12/15,52
606c6fd4c64b3f12/16,29
606c6fd4c64b3f12/16,129
606c6fd4c64b3f12/16,52
606c6fd4c64b3f12/17,29
606c6fd4c64b3f12/17,52
519872b299185795/1,823
519872b299185795/1,1208
0265f5f9c31aa2c1/2,85
0265f5f9c31aa2c1/2,119
0265f5f9c31aa2c1/2,247
0265f5f9c31aa2c1/2,621
0265f5f9c31aa2c1/2,948
0265f5f9c31aa2c1/2,993
0265f5f9c31aa2c1/2,1183
0265f5f9c31aa2c1/2,1270
0265f5f9c31aa2c1/2,2149
7d5c8d966b1e7752/1,400
3105eaf514f03f25/55,2584
e9e97f0ac8cc2735/13,1162
e9e97f0ac8cc2735/13,2142
e9e97f0ac8cc2735/13,1955
e9e97f0ac8cc2735/13,3040
e9e97f0ac8cc2735/13,3304
e9e97f0ac8cc2735/13,4196
e9e97f0ac8cc2735/13,3227
2d5235e2365a7e81/3,170
2d5235e2365a7e81/3,871
2d5235e2365a7e81/3,3799
2d5235e2365a7e81/4,170
2d5235e2365a7e81/5,3934
048cdfc9c73db8e3/1,464
048cdfc9c73db8e3/1,1762
048cdfc9c73db8e3/1,1881
b659c5eba59da618/1,62
b659c5eba59da618/1,937
b659c5eba59da618/1,574
b659c5eba59da618/1,336
b659c5eba59da618/2,37
b659c5eba59da618/2,257
b659c5eba59da618/2,482
b659c5eba59da618/2,726
b659c5eba59da618/2,952
b659c5eba59da618/2,120
b659c5eba59da618/2,3934
b659c5eba59da618/2,4356
4391e97facc665ae/21,1149
4391e97facc665ae/21,9
d0c6df3a728b6b9f/17,170
d0c6df3a728b6b9f/17,296
d0c6df3a728b6b9f/17,1099
d0c6df3a728b6b9f/17,972
f7b2f89f14bdbe79/18,1499
f7b2f89f14bdbe79/20,1527
f7b2f89f14bdbe79/21,226
6a439214be3b7dc9/1,170
6a439214be3b7dc9/1,293
6a439214be3b7dc9/1,3799
6f3b2a9033d9c01f/1,96
6f3b2a9033d9c01f/2,43
9a9f6fe91d9c77cf/1,4188
da89ac9078e15df8/2,26
da89ac9078e15df8/2,345
41d75bced0e8fa45/1,975
5e30a9de61677368/1,1366
71d6186ec6600c46/1,1419
71d6186ec6600c46/3,401
71d6186ec6600c46/3,895
71d6186ec6600c46/3,1439
71d6186ec6600c46/3,2008
bb1e4be1d8fd9130/2,1409
b40ed55cd0d45e09/1,257
b40ed55cd0d45e09/1,1419
fc5ffb3b13c13334/1,187
bc605bad83249bc7/1,590
ff4afe1223ba7146/1,68
ff4afe1223ba7146/1,235
ff4afe1223ba7146/1,647
ff4afe1223ba7146/1,1622
06a2258fcd4355ca/2,3188
06a2258fcd4355ca/2,3036
06a2258fcd4355ca/2,3228
e5d6dc80c46423f9/2,15
e5d6dc80c46423f9/2,3222
e5d6dc80c46423f9/2,582
e5d6dc80c46423f9/2,3127
e5d6dc80c46423f9/2,1106
e5d6dc80c46423f9/2,3061
c6f789f6eb285333/3,989
c6f789f6eb285333/3,906
5ce7a078db0e656c/1,2086
218fc6b406c31971/2,29
218fc6b406c31971/2,37
218fc6b406c31971/2,217
218fc6b406c31971/2,971
218fc6b406c31971/2,2470
218fc6b406c31971/2,4188
218fc6b406c31971/2,3934
218fc6b406c31971/2,3125
c07f390acbefbd0c/10,897
c07f390acbefbd0c/11,897
c07f390acbefbd0c/12,673
2eb6853dfff3f121/1,296
2eb6853dfff3f121/1,631
9bf3db3e02317f74/26,195
56dbeb2b91337f86/2,588
56dbeb2b91337f86/2,997
56dbeb2b91337f86/2,1436
56dbeb2b91337f86/2,2642
56dbeb2b91337f86/2,1733
56dbeb2b91337f86/2,1768
56dbeb2b91337f86/2,2251
56dbeb2b91337f86/2,658
56dbeb2b91337f86/2,3905
56dbeb2b91337f86/2,285
56dbeb2b91337f86/2,298
56dbeb2b91337f86/2,362
56dbeb2b91337f86/2,395
56dbeb2b91337f86/2,631
56dbeb2b91337f86/2,804
56dbeb2b91337f86/2,919
56dbeb2b91337f86/2,2205
56dbeb2b91337f86/2,2242
56dbeb2b91337f86/3,588
56dbeb2b91337f86/3,804
86bb8524df88c17e/47,48
86bb8524df88c17e/48,1146
86bb8524df88c17e/49,26
86bb8524df88c17e/49,37
86bb8524df88c17e/54,297
86bb8524df88c17e/59,37
86bb8524df88c17e/59,43
86bb8524df88c17e/59,285
86bb8524df88c17e/59,854
86bb8524df88c17e/61,285
86bb8524df88c17e/61,345
86bb8524df88c17e/62,854
86bb8524df88c17e/65,3611
86bb8524df88c17e/65,3055
88f2d21e5815485a/2,37
88f2d21e5815485a/2,62
88f2d21e5815485a/2,259
88f2d21e5815485a/2,764
88f2d21e5815485a/2,187
88f2d21e5815485a/2,336
88f2d21e5815485a/3,170
88f2d21e5815485a/4,37
88f2d21e5815485a/4,170
88f2d21e5815485a/5,37
1080d0157bc9d664/1,52
1080d0157bc9d664/2,52
acf7b798eb7b950f/29,403
acf7b798eb7b950f/29,2153
f86f3aa5395a080a/13,737
f86f3aa5395a080a/13,1074
f86f3aa5395a080a/13,285
a2498064b64371e4/1,40
a2498064b64371e4/1,19
4f9db01b3fbb44b1/5,1699
4f9db01b3fbb44b1/5,2204
4f9db01b3fbb44b1/5,266
4f9db01b3fbb44b1/5,432
4f9db01b3fbb44b1/7,1174
4f9db01b3fbb44b1/8,1054
4f9db01b3fbb44b1/8,705
4f9db01b3fbb44b1/8,1224
f27839129e783421/156,900
f27839129e783421/156,332
f27839129e783421/157,1562
f27839129e783421/157,332
f27839129e783421/158,689
f27839129e783421/158,900
f27839129e783421/158,3758
f27839129e783421/158,332
f27839129e783421/160,1562
f27839129e783421/160,332
f27839129e783421/161,900
f27839129e783421/161,332
f27839129e783421/162,854
f27839129e783421/163,199
f27839129e783421/164,232
f27839129e783421/167,280
f27839129e783421/168,266
f27839129e783421/170,797
f27839129e783421/173,900
f27839129e783421/173,1562
f27839129e783421/173,332
f27839129e783421/178,1562
f27839129e783421/178,332
f27839129e783421/181,1562
f27839129e783421/181,332
f27839129e783421/182,900
f27839129e783421/182,1562
f27839129e783421/182,332
f27839129e783421/183,430
132453578ea5d0c0/1,170
fb1e628157cc61f3/3,3281
5cde93575988a731/3,55
5cde93575988a731/5,328
1dcfc3c11ca0a59c/2,226
925619218c8fac64/1,147
925619218c8fac64/1,199
925619218c8fac64/1,849
1dceecf84116d04b/3,48
299fbd8facf51561/5,3012
299fbd8facf51561/5,3157
299fbd8facf51561/5,3100
299fbd8facf51561/5,3177
299fbd8facf51561/5,3012
299fbd8facf51561/5,3086
54f45daa3ba0bbfd/6,70
54f45daa3ba0bbfd/6,1183
54f45daa3ba0bbfd/6,1658
54f45daa3ba0bbfd/7,247
54f45daa3ba0bbfd/7,1658
54f45daa3ba0bbfd/8,15
95d8da8d7bc244b4/3,62
95d8da8d7bc244b4/4,170
95d8da8d7bc244b4/5,170
2ba9fcafd742c623/103,89
2ba9fcafd742c623/103,403
2ba9fcafd742c623/112,948
b58bb790bd6d8dd1/2,157
b58bb790bd6d8dd1/2,345
dbdcb2894c8d7ff2/9,354
dbdcb2894c8d7ff2/9,1536
dbdcb2894c8d7ff2/9,631
9250d5f5c9419582/1,37
9250d5f5c9419582/2,26
6ca615cf39718c54/1,900
6ca615cf39718c54/1,1199
6ca615cf39718c54/1,1562
6ca615cf39718c54/1,1767
6ca615cf39718c54/1,3660
6ca615cf39718c54/1,332
137f81bb2886a26e/1,174
137f81bb2886a26e/1,291
137f81bb2886a26e/1,847
f9f25b8ff3985089/1,1347
8e20afe9f34cfeed/3,872
1d784ae7020fe4e3/17,757
656821b00ce43a47/1,255
656821b00ce43a47/1,583
656821b00ce43a47/1,1341
656821b00ce43a47/2,120
656821b00ce43a47/2,809
656821b00ce43a47/4,583
0f17c66065ea7dff/1,298
0f17c66065ea7dff/1,3010
0f17c66065ea7dff/2,113
0f17c66065ea7dff/2,3103
0f17c66065ea7dff/2,298
0f17c66065ea7dff/2,3010
0fbddc87ca322a29/1,170
94abd6662543bd51/2,699
51285d31a1f0784c/3,992
55b283e8f84ece80/2,1266
89a4b239e9b3c998/7,76
89a4b239e9b3c998/7,4180
89a4b239e9b3c998/8,165
89a4b239e9b3c998/8,110
89a4b239e9b3c998/9,1530
89a4b239e9b3c998/9,1571
89a4b239e9b3c998/9,1167
353a3a9426e3db5a/2,185
c6677999b692723e/28,513
c6677999b692723e/28,436
c6677999b692723e/29,1771
c6677999b692723e/29,1531
c6677999b692723e/29,1537
c6677999b692723e/29,2099
c6677999b692723e/30,2099
41dc99e71f13e370/1,409
31ef85fe83d43ff4/13,9
31ef85fe83d43ff4/13,156
31ef85fe83d43ff4/13,281
31ef85fe83d43ff4/13,847
31ef85fe83d43ff4/13,921
31ef85fe83d43ff4/13,1134
31ef85fe83d43ff4/13,1208
31ef85fe83d43ff4/13,1220
31ef85fe83d43ff4/13,1453
31ef85fe83d43ff4/13,1658
31ef85fe83d43ff4/14,170
8c179abea0995c28/3,259
8c179abea0995c28/4,3799
8c179abea0995c28/4,4188
bbab8482396faa37/2,48
bbab8482396faa37/2,129
bbab8482396faa37/2,259
bbab8482396faa37/2,380
bbab8482396faa37/2,583
bbab8482396faa37/2,206
bbab8482396faa37/2,187
bbab8482396faa37/2,673
bbab8482396faa37/2,400
bbab8482396faa37/2,1237
bbab8482396faa37/2,346
bbab8482396faa37/2,1536
bbab8482396faa37/4,259
bbab8482396faa37/4,297
cc2237dd8b1b3e6b/2,3972
cc2237dd8b1b3e6b/2,1005
cc2237dd8b1b3e6b/2,4533
cc2237dd8b1b3e6b/2,3071
cc2237dd8b1b3e6b/2,4529
cc2237dd8b1b3e6b/2,4111
fb2a860c2b73790a/12,280
bfdf049486392bd2/1,253
bfdf049486392bd2/1,350
bfdf049486392bd2/2,1258
bfdf049486392bd2/3,774
bfdf049486392bd2/4,2370
bfdf049486392bd2/4,1376
bfdf049486392bd2/4,1989
bfdf049486392bd2/4,1134
bfdf049486392bd2/6,62
bfdf049486392bd2/7,187
bfdf049486392bd2/7,2003
bfdf049486392bd2/8,742
bfdf049486392bd2/9,55
bfdf049486392bd2/10,262
bfdf049486392bd2/10,2124
bfdf049486392bd2/10,2617
bfdf049486392bd2/10,2283
bfdf049486392bd2/10,3699
bfdf049486392bd2/10,1905
bfdf049486392bd2/10,55
bfdf049486392bd2/12,1830
bfdf049486392bd2/13,97
bfdf049486392bd2/13,1084
bfdf049486392bd2/13,52
bfdf049486392bd2/14,217
bfdf049486392bd2/14,370
bfdf049486392bd2/14,262
bfdf049486392bd2/14,1376
bfdf049486392bd2/15,2173
bfdf049486392bd2/16,326
bfdf049486392bd2/17,346
bfdf049486392bd2/18,1376
bfdf049486392bd2/18,671
bfdf049486392bd2/20,3162
bfdf049486392bd2/20,3162
bfdf049486392bd2/21,3117
bfdf049486392bd2/21,3051
4f7d191f104116a8/1,10
00b3a43caf4209d2/5,73
00b3a43caf4209d2/5,147
00b3a43caf4209d2/5,585
00b3a43caf4209d2/5,774
00b3a43caf4209d2/5,781
00b3a43caf4209d2/5,812
00b3a43caf4209d2/5,847
00b3a43caf4209d2/5,1194
00b3a43caf4209d2/5,1300
00b3a43caf4209d2/5,1384
00b3a43caf4209d2/5,1463
00b3a43caf4209d2/5,2205
00b3a43caf4209d2/5,2376
00b3a43caf4209d2/6,52
00b3a43caf4209d2/6,73
00b3a43caf4209d2/6,156
00b3a43caf4209d2/6,1669
00b3a43caf4209d2/7,499
00b3a43caf4209d2/7,52
00b3a43caf4209d2/7,156
00b3a43caf4209d2/7,797
00b3a43caf4209d2/8,57
00b3a43caf4209d2/8,53
00b3a43caf4209d2/8,113
00b3a43caf4209d2/8,147
00b3a43caf4209d2/8,200
00b3a43caf4209d2/8,419
00b3a43caf4209d2/8,671
00b3a43caf4209d2/8,682
00b3a43caf4209d2/8,738
00b3a43caf4209d2/8,781
00b3a43caf4209d2/8,797
00b3a43caf4209d2/8,1082
00b3a43caf4209d2/8,1366
00b3a43caf4209d2/8,1938
00b3a43caf4209d2/10,269
00b3a43caf4209d2/10,763
00b3a43caf4209d2/10,924
00b3a43caf4209d2/10,1719
00b3a43caf4209d2/10,1379
00b3a43caf4209d2/10,1536
00b3a43caf4209d2/10,42
00b3a43caf4209d2/10,395
00b3a43caf4209d2/10,590
00b3a43caf4209d2/10,2031
00b3a43caf4209d2/11,1309
00b3a43caf4209d2/11,1879
095b74d9b85d294a/2,117
095b74d9b85d294a/2,185
095b74d9b85d294a/2,199
095b74d9b85d294a/2,268
095b74d9b85d294a/2,350
095b74d9b85d294a/2,487
095b74d9b85d294a/2,757
095b74d9b85d294a/4,31
095b74d9b85d294a/4,781
095b74d9b85d294a/5,170
095b74d9b85d294a/5,477
095b74d9b85d294a/5,147
095b74d9b85d294a/5,420
095b74d9b85d294a/5,671
095b74d9b85d294a/5,847
095b74d9b85d294a/5,1347
095b74d9b85d294a/6,436
095b74d9b85d294a/6,4037
095b74d9b85d294a/7,170
095b74d9b85d294a/7,677
095b74d9b85d294a/8,265
095b74d9b85d294a/8,296
095b74d9b85d294a/8,952
095b74d9b85d294a/8,1246
095b74d9b85d294a/8,2579
095b74d9b85d294a/8,677
095b74d9b85d294a/9,26
095b74d9b85d294a/9,1636
095b74d9b85d294a/9,3799
46e2bd8eb6dd6758/1,1623
eae470af2435704c/1,431
eae470af2435704c/1,1499
eae470af2435704c/3,1255
1e1ea036e282d03c/1,345
7145a03cd43de897/8,3085
7145a03cd43de897/8,3080
28b5982a3484ba59/3,156
28b5982a3484ba59/3,1145
28b5982a3484ba59/3,1384
28b5982a3484ba59/3,2261
464ae9d896823f60/4,306
91314c85a42faab2/12,303
91314c85a42faab2/12,616
91314c85a42faab2/12,731
91314c85a42faab2/12,835
91314c85a42faab2/12,810
91314c85a42faab2/13,731
91314c85a42faab2/13,810
91314c85a42faab2/13,2374
91314c85a42faab2/14,731
91314c85a42faab2/15,731
91314c85a42faab2/16,731
91314c85a42faab2/17,731
91314c85a42faab2/18,731
91314c85a42faab2/19,616
91314c85a42faab2/20,731
c8a3448ef3d18203/6,62
c8a3448ef3d18203/6,129
c8a3448ef3d18203/6,297
c8a3448ef3d18203/7,345
a385a81bf1db0cd2/1,10
a385a81bf1db0cd2/1,26
a385a81bf1db0cd2/1,381
a385a81bf1db0cd2/1,632
12a00dda3cd61c69/3,232
c36b9199789ec51c/9,1493
c36b9199789ec51c/9,1902
c36b9199789ec51c/9,68
c36b9199789ec51c/9,784
88064a5427440fcb/5,1009
88064a5427440fcb/5,2008
88064a5427440fcb/9,188
88064a5427440fcb/9,1401
88064a5427440fcb/9,426
88064a5427440fcb/9,570
88064a5427440fcb/9,2075
88064a5427440fcb/9,2275
1f4074b0f42eb0bb/1,170
3005204c58907bd7/1,37
dc747c104782f3c9/1,1599
a3f317ee84846e2b/16,96
a3f317ee84846e2b/17,37
a3f317ee84846e2b/19,96
8f42c241a4e57567/3,96
8f42c241a4e57567/3,482
8f42c241a4e57567/4,482
8f42c241a4e57567/4,1567
f2d52dca5f02b94d/118,4431
df2c4eb0be58a385/10,280
df2c4eb0be58a385/10,567
df2c4eb0be58a385/10,2492
df2c4eb0be58a385/11,257
e6f631b647fd05c6/8,1133
e6f631b647fd05c6/8,1536
02116a1ace862af3/2,37
c9d564d284e55bb4/2,29
c9d564d284e55bb4/2,129
c9d564d284e55bb4/2,919
c9d564d284e55bb4/3,1499
bb38268b579679e8/2,26
6ac844b9ba970b64/2,187
6ac844b9ba970b64/2,1084
5e5d1799cd0498b5/10,37
5e5d1799cd0498b5/11,37
5e5d1799cd0498b5/12,31
5e5d1799cd0498b5/14,37
5e5d1799cd0498b5/16,37
5e5d1799cd0498b5/18,37
5e5d1799cd0498b5/18,293
5e5d1799cd0498b5/18,302
5e5d1799cd0498b5/18,726
5e5d1799cd0498b5/18,1567
5e5d1799cd0498b5/19,37
f41dea0d533a7f59/1,847
f41dea0d533a7f59/1,2333
4fc272b7d5acebfd/6,170
38d175d34bc49101/1,560
38d175d34bc49101/1,281
0fa036bf59562c53/1,1706
19ed87c6743028aa/6,253
19ed87c6743028aa/6,946
19ed87c6743028aa/6,387
19ed87c6743028aa/6,524
19ed87c6743028aa/6,117
19ed87c6743028aa/9,31
19ed87c6743028aa/9,827
25a1b717d8a06319/1,26
784384148f1e1449/14,2168
784384148f1e1449/14,1310
784384148f1e1449/14,646
784384148f1e1449/14,1579
784384148f1e1449/14,2347
784384148f1e1449/15,847
25c4aa48cd721ea2/5,370
cfb85dbeca77cd0c/9,58
b7415f2ba94c69f4/1,2356
b7415f2ba94c69f4/1,1183
52b080e818d68788/92,1531
df1a8fca3807ae0c/7,37
df1a8fca3807ae0c/7,43
df1a8fca3807ae0c/7,485
df1a8fca3807ae0c/7,1025
df1a8fca3807ae0c/7,492
df1a8fca3807ae0c/7,709
df1a8fca3807ae0c/8,52
df1a8fca3807ae0c/8,1164
df1a8fca3807ae0c/9,1025
df1a8fca3807ae0c/9,492
df1a8fca3807ae0c/9,1970
df1a8fca3807ae0c/9,709
df1a8fca3807ae0c/10,37
df1a8fca3807ae0c/10,1137
df1a8fca3807ae0c/10,1495
df1a8fca3807ae0c/10,2393
df1a8fca3807ae0c/10,2972
df1a8fca3807ae0c/10,31
df1a8fca3807ae0c/10,1596
df1a8fca3807ae0c/11,519
df1a8fca3807ae0c/11,1308
df1a8fca3807ae0c/12,1070
df1a8fca3807ae0c/12,2078
df1a8fca3807ae0c/12,2379
df1a8fca3807ae0c/12,2502
df1a8fca3807ae0c/12,3720
df1a8fca3807ae0c/12,3877
df1a8fca3807ae0c/12,1328
df1a8fca3807ae0c/13,43
df1a8fca3807ae0c/13,156
df1a8fca3807ae0c/13,395
df1a8fca3807ae0c/13,419
df1a8fca3807ae0c/14,1495
df1a8fca3807ae0c/14,1982
df1a8fca3807ae0c/15,2393
df1a8fca3807ae0c/15,2972
df1a8fca3807ae0c/15,1596
df1a8fca3807ae0c/16,1025
df1a8fca3807ae0c/16,492
df1a8fca3807ae0c/16,709
df1a8fca3807ae0c/17,48
df1a8fca3807ae0c/17,890
df1a8fca3807ae0c/17,1475
df1a8fca3807ae0c/17,52
df1a8fca3807ae0c/17,285
df1a8fca3807ae0c/17,430
df1a8fca3807ae0c/17,594
df1a8fca3807ae0c/17,605
df1a8fca3807ae0c/17,919
df1a8fca3807ae0c/17,1494
df1a8fca3807ae0c/18,37
df1a8fca3807ae0c/18,43
df1a8fca3807ae0c/18,519
df1a8fca3807ae0c/18,31
df1a8fca3807ae0c/18,1308
df1a8fca3807ae0c/19,37
df1a8fca3807ae0c/19,31
df1a8fca3807ae0c/20,43
df1a8fca3807ae0c/20,764
df1a8fca3807ae0c/21,37
df1a8fca3807ae0c/22,37
0b677d82ecfdbd97/7,170
ec6b77b9d23fa47d/1,170
ec6b77b9d23fa47d/1,297
ec6b77b9d23fa47d/1,922
ec6b77b9d23fa47d/1,1611
ec6b77b9d23fa47d/1,1530
ec6b77b9d23fa47d/1,1571
b5e3ce58efaca154/1,43
300698c0ec27fe44/5,875
300698c0ec27fe44/5,1531
300698c0ec27fe44/6,2100
300698c0ec27fe44/6,1531
75710ad4bf1e98e4/2,728
75710ad4bf1e98e4/2,1235
75710ad4bf1e98e4/3,2404
75710ad4bf1e98e4/3,1235
75710ad4bf1e98e4/4,2054
75710ad4bf1e98e4/4,1790
75710ad4bf1e98e4/5,3078
75710ad4bf1e98e4/5,3078
701b312c4adaf3a6/18,1116
701b312c4adaf3a6/19,1116
701b312c4adaf3a6/20,1367
701b312c4adaf3a6/20,1418
701b312c4adaf3a6/20,1116
701b312c4adaf3a6/20,1255
701b312c4adaf3a6/22,1255
701b312c4adaf3a6/23,1271
701b312c4adaf3a6/23,1320
701b312c4adaf3a6/23,1116
701b312c4adaf3a6/23,3726
701b312c4adaf3a6/30,401
701b312c4adaf3a6/33,1714
701b312c4adaf3a6/34,4414
701b312c4adaf3a6/34,1877
701b312c4adaf3a6/36,1271
701b312c4adaf3a6/36,1367
701b312c4adaf3a6/36,1186
701b312c4adaf3a6/36,1575
701b312c4adaf3a6/36,1418
701b312c4adaf3a6/36,1714
701b312c4adaf3a6/36,1116
701b312c4adaf3a6/36,2809
701b312c4adaf3a6/36,2821
701b312c4adaf3a6/36,1255
701b312c4adaf3a6/36,572
701b312c4adaf3a6/36,888
701b312c4adaf3a6/41,647
8f0d69761431db80/2,2175
8f0d69761431db80/2,1431
85a08c03d2e9c24b/9,3934
85a08c03d2e9c24b/10,31
85a08c03d2e9c24b/10,2410
721166e6509fbf10/1,847
e820fcedda94aa09/8,246
febc8d102912d6fb/6,55
e500b3b2b81ba9ee/1,170
ee78f855eb6db79c/1,3362
2ec1c516227f788b/1,217
2c1cef0edad15a7c/4,931
199af2d885fc768d/1,849
77dee245621ad8e6/5,43
77dee245621ad8e6/5,31
77dee245621ad8e6/6,419
acaff9c726eed6f3/12,10
acaff9c726eed6f3/12,29
acaff9c726eed6f3/12,520
acaff9c726eed6f3/12,2586
acaff9c726eed6f3/13,3611
acaff9c726eed6f3/13,4235
343bf8160ed03288/11,198
343bf8160ed03288/11,2153
343bf8160ed03288/12,567
343bf8160ed03288/13,1448
343bf8160ed03288/14,3694
343bf8160ed03288/14,4349
66892f84443bab3e/23,1130
ca07c11c3ed7a790/1,268
ca07c11c3ed7a790/1,948
ca07c11c3ed7a790/1,1146
58c21fc101433b08/5,967
58c21fc101433b08/5,1419
58c21fc101433b08/6,1322
58c21fc101433b08/6,2031
58c21fc101433b08/7,329
58c21fc101433b08/7,739
58c21fc101433b08/7,273
58c21fc101433b08/7,1023
58c21fc101433b08/7,243
58c21fc101433b08/7,1772
58c21fc101433b08/7,512
58c21fc101433b08/7,2087
58c21fc101433b08/7,2142
58c21fc101433b08/7,2169
58c21fc101433b08/7,38
58c21fc101433b08/7,2291
58c21fc101433b08/7,2633
58c21fc101433b08/7,2475
58c21fc101433b08/7,2150
58c21fc101433b08/7,1550
58c21fc101433b08/7,1133
58c21fc101433b08/7,1590
58c21fc101433b08/7,3627
58c21fc101433b08/8,62
58c21fc101433b08/9,972
57937221020dd0c5/2,184
57937221020dd0c5/3,757
23b6bac27edb78ae/1,269
23b6bac27edb78ae/1,585
9443287a9583cdae/1,3934
9443287a9583cdae/2,29
9443287a9583cdae/3,4037
9443287a9583cdae/3,4207
9443287a9583cdae/3,3055
9443287a9583cdae/3,3055
b4e9cd79ad4c4c1b/1,244
b4e9cd79ad4c4c1b/2,2897
b4e9cd79ad4c4c1b/3,1274
b4e9cd79ad4c4c1b/3,2268
b4e9cd79ad4c4c1b/3,4064
b4e9cd79ad4c4c1b/4,513
b4e9cd79ad4c4c1b/5,1144
b4e9cd79ad4c4c1b/6,2257
b4e9cd79ad4c4c1b/7,697
b4e9cd79ad4c4c1b/7,758
b4e9cd79ad4c4c1b/7,2635
b4e9cd79ad4c4c1b/7,2491
b4e9cd79ad4c4c1b/7,2427
b4e9cd79ad4c4c1b/7,787
b4e9cd79ad4c4c1b/9,1181
b4e9cd79ad4c4c1b/10,891
b4e9cd79ad4c4c1b/11,296
b4e9cd79ad4c4c1b/12,2528
b4e9cd79ad4c4c1b/13,176
b4e9cd79ad4c4c1b/13,1181
b4e9cd79ad4c4c1b/14,1432
b4e9cd79ad4c4c1b/17,2268
b4e9cd79ad4c4c1b/18,132
b4e9cd79ad4c4c1b/19,29
b4e9cd79ad4c4c1b/19,1348
b4e9cd79ad4c4c1b/20,1908
b4e9cd79ad4c4c1b/20,2048
b4e9cd79ad4c4c1b/27,37
b4e9cd79ad4c4c1b/27,31
b4e9cd79ad4c4c1b/28,43
e1ae4545b685f207/8,1127
fa83b7c7fecdd1cc/1,910
fe8ee72f9da1d118/1,437
766fd5dbf7ac8c2d/2,141
a8d56490bc27a7c1/1,857
386b62f4afe9a955/17,170
6e6a94924196d5da/1,37
6e6a94924196d5da/1,400
6e6a94924196d5da/1,31
f1151c8f3d356414/6,119
f1151c8f3d356414/6,948
acc25292734e985c/8,217
dd2f87b9eb9191eb/1,26
226c4113df629fcc/1,1199
226c4113df629fcc/1,847
226c4113df629fcc/2,847
226c4113df629fcc/3,4180
6d4b6db3d59d8a3a/8,84
51bc0f59761b6812/7,1772
51bc0f59761b6812/7,702
51bc0f59761b6812/7,1133
51bc0f59761b6812/8,15
51bc0f59761b6812/8,33
55ec2b285741e1ab/3,26
4f08a332bc43b05d/6,37
4f08a332bc43b05d/6,43
4f08a332bc43b05d/7,37
4f08a332bc43b05d/8,26
4f08a332bc43b05d/8,37
4f08a332bc43b05d/8,43
4f08a332bc43b05d/9,37
4f08a332bc43b05d/10,26
4f08a332bc43b05d/11,26
4f08a332bc43b05d/12,26
4f08a332bc43b05d/13,26
4f08a332bc43b05d/14,26
61cad76ecc522e1c/1,257
61cad76ecc522e1c/1,520
61cad76ecc522e1c/1,120
e3894cb2ad8bbb77/1,127
da191316d340c10a/1,37
2249309d4bc79d8a/1,431
2249309d4bc79d8a/1,607
2249309d4bc79d8a/1,757
2249309d4bc79d8a/2,757
4f2c74715494122b/38,2584
4f2c74715494122b/39,2584
4f2c74715494122b/40,2488
4f2c74715494122b/40,849
4f2c74715494122b/40,2584
4f2c74715494122b/41,2584
4f2c74715494122b/42,2584
4f2c74715494122b/43,2584
4f2c74715494122b/44,2584
4f2c74715494122b/45,1801
4f2c74715494122b/45,2584
4f2c74715494122b/46,1801
4f2c74715494122b/47,1801
4f2c74715494122b/48,1801
4f2c74715494122b/49,1801
4f2c74715494122b/50,1801
b25d73ea0bea7244/8,43
b25d73ea0bea7244/8,96
b25d73ea0bea7244/8,120
b25d73ea0bea7244/8,1367
b25d73ea0bea7244/10,847
b25d73ea0bea7244/10,1595
b25d73ea0bea7244/13,2470
cc6f318be84574db/1,89
8d92596da605db51/3,170
b2acce978b8e56e9/1,37
c021b1c9dabc915b/1,2098
c021b1c9dabc915b/1,1164
b6e58ae42e7ab446/2,170
b6e58ae42e7ab446/3,43
b6e58ae42e7ab446/3,31
467a4ad1f5ebc8a8/19,386
467a4ad1f5ebc8a8/20,29
467a4ad1f5ebc8a8/20,217
467a4ad1f5ebc8a8/20,689
467a4ad1f5ebc8a8/20,3958
467a4ad1f5ebc8a8/20,1590
467a4ad1f5ebc8a8/20,2265
f2bc65aa9a910a4b/7,1637
f2bc65aa9a910a4b/9,1405
8c97e3164083d8a2/4,414
8c97e3164083d8a2/4,3424
0becbc85ee572394/4,120
0becbc85ee572394/4,1080
31e1c8943fbd12e5/5,1311
31e1c8943fbd12e5/5,4081
31e1c8943fbd12e5/5,1866
7d8af1f2adbc1d77/8,199
7d8af1f2adbc1d77/10,345
8c3553c0d1794a05/1,293
8c3553c0d1794a05/1,1099
b58dedc8e87b7ec7/43,847
b58dedc8e87b7ec7/44,265
b58dedc8e87b7ec7/44,1678
b58dedc8e87b7ec7/44,1940
b58dedc8e87b7ec7/44,86
b58dedc8e87b7ec7/44,2696
b58dedc8e87b7ec7/44,2307
b58dedc8e87b7ec7/44,532
b58dedc8e87b7ec7/44,646
b58dedc8e87b7ec7/44,847
b58dedc8e87b7ec7/44,951
b58dedc8e87b7ec7/44,1463
b58dedc8e87b7ec7/45,1527
b58dedc8e87b7ec7/46,853
b58dedc8e87b7ec7/46,987
b58dedc8e87b7ec7/46,486
b58dedc8e87b7ec7/46,431
b58dedc8e87b7ec7/46,1696
b58dedc8e87b7ec7/46,2160
b58dedc8e87b7ec7/46,311
b58dedc8e87b7ec7/46,2248
b58dedc8e87b7ec7/46,2522
b58dedc8e87b7ec7/46,166
b58dedc8e87b7ec7/46,191
b58dedc8e87b7ec7/46,2716
b58dedc8e87b7ec7/46,194
b58dedc8e87b7ec7/46,808
b58dedc8e87b7ec7/46,1096
b58dedc8e87b7ec7/46,1527
b58dedc8e87b7ec7/46,1622
b58dedc8e87b7ec7/46,2008
b58dedc8e87b7ec7/46,2332
b58dedc8e87b7ec7/46,2411
b58dedc8e87b7ec7/46,2843
b58dedc8e87b7ec7/48,460
b58dedc8e87b7ec7/48,609
b58dedc8e87b7ec7/48,2515
b58dedc8e87b7ec7/48,1058
52b1b9e44f172f6b/4,26
52b1b9e44f172f6b/4,29
52b1b9e44f172f6b/4,37
52b1b9e44f172f6b/4,43
52b1b9e44f172f6b/4,1684
ba8f4fab0d87e7a6/1,610
ba8f4fab0d87e7a6/1,1164
ba8f4fab0d87e7a6/1,1219
ba8f4fab0d87e7a6/1,2551
2c6d94f902ade47f/1,353
2c6d94f902ade47f/1,216
2c6d94f902ade47f/1,17
386304a65a30d157/4,1858
948cf3775003c08c/4,43
948cf3775003c08c/4,536
948cf3775003c08c/4,709
948cf3775003c08c/4,2333
01ab681a7ec651d7/1,1453
01ab681a7ec651d7/2,2827
01ab681a7ec651d7/2,1468
01ab681a7ec651d7/2,3904
01ab681a7ec651d7/2,1453
bbc6517e0ba8c05c/3,43
e3cc66f91e6203b1/1,276
e3cc66f91e6203b1/2,594
e3cc66f91e6203b1/2,709
ac386a41d28bd181/47,170
ac386a41d28bd181/48,170
ac386a41d28bd181/49,570
ac386a41d28bd181/50,62
ac386a41d28bd181/51,129
ac386a41d28bd181/51,1215
ac386a41d28bd181/51,574
ac386a41d28bd181/51,4188
ac386a41d28bd181/51,4349
ac386a41d28bd181/51,3036
ac386a41d28bd181/51,12
ac386a41d28bd181/51,3036
ea0f77fc18614dad/1,257
ea0f77fc18614dad/1,520
ea0f77fc18614dad/1,952
ea0f77fc18614dad/1,1567
5335191978f113a4/1,1055
5335191978f113a4/1,1486
5335191978f113a4/1,2332
2e9b478175b50af8/18,2983
2e9b478175b50af8/18,2983
2e9b478175b50af8/18,2983
2e9b478175b50af8/18,2983
2e9b478175b50af8/18,2983
26d718468a1e7414/1,395
26d718468a1e7414/1,797
5e174ba0c6cd0d60/1,2780
57f6cdb2a50e8781/1,404
19033902d4374b8d/6,1382
19033902d4374b8d/6,1579
a4479b53cbca0931/1,797
a4479b53cbca0931/1,867
ba87ec7c6be01b6e/2,823
ba87ec7c6be01b6e/2,1208
ba73625bb90771be/1,1080
e725572f38b14c63/1,1571
f8ad311003b91c39/2,259
f8ad311003b91c39/3,62
01a3dd310277fc48/2,19
01a3dd310277fc48/2,268
01a3dd310277fc48/2,757
33e5d159fce810d2/2,170
33e5d159fce810d2/2,465
33e5d159fce810d2/2,431
33e5d159fce810d2/2,1801
33e5d159fce810d2/2,1879
b20d569c17d45fa4/1,794
b20d569c17d45fa4/1,912
b20d569c17d45fa4/1,1671
b20d569c17d45fa4/1,1369
b20d569c17d45fa4/1,1460
b20d569c17d45fa4/1,2529
b20d569c17d45fa4/1,1129
b20d569c17d45fa4/1,430
3b9089effa281b17/9,2670
67aa8963eb07019c/4,255
23bbfcca2ccd6c96/1,199
23bbfcca2ccd6c96/1,268
23bbfcca2ccd6c96/1,340
23bbfcca2ccd6c96/1,419
23bbfcca2ccd6c96/1,682
92cf2d85bb408426/1,632
92cf2d85bb408426/1,16
732bec6ced327c77/1,29
732bec6ced327c77/1,48
732bec6ced327c77/1,62
732bec6ced327c77/1,217
732bec6ced327c77/1,689
732bec6ced327c77/1,581
732bec6ced327c77/1,1714
732bec6ced327c77/1,2869
7a119cc6ee0494b2/3,89
7a119cc6ee0494b2/3,1726
04bb82cd5bcc692b/4,29
04bb82cd5bcc692b/4,276
04bb82cd5bcc692b/4,422
04bb82cd5bcc692b/5,764
8a40ce6416d6ff65/1,48
8a40ce6416d6ff65/1,781
8a40ce6416d6ff65/2,52
8a40ce6416d6ff65/2,156
8a40ce6416d6ff65/2,345
8a40ce6416d6ff65/2,361
8a40ce6416d6ff65/2,898
8a40ce6416d6ff65/4,55
8a40ce6416d6ff65/6,370
8a40ce6416d6ff65/6,1168
60f243b88561df49/1,163
60f243b88561df49/1,285
60f243b88561df49/1,345
60f243b88561df49/1,350
60f243b88561df49/1,674
60f243b88561df49/1,777
60f243b88561df49/2,777
60f243b88561df49/3,1235
60f243b88561df49/4,777
60f243b88561df49/4,1235
60f243b88561df49/5,1235
60f243b88561df49/6,1235
fabc93f615de575c/2,3799
517fc1e161496e2a/5,185
517fc1e161496e2a/5,193
517fc1e161496e2a/5,268
517fc1e161496e2a/5,556
517fc1e161496e2a/5,594
517fc1e161496e2a/5,671
517fc1e161496e2a/5,757
517fc1e161496e2a/5,1168
517fc1e161496e2a/7,285
517fc1e161496e2a/7,671
517fc1e161496e2a/8,2656
517fc1e161496e2a/8,280
87053df4e919a6de/3,265
87053df4e919a6de/6,549
87053df4e919a6de/6,1527
87053df4e919a6de/9,847
87053df4e919a6de/12,972
94ec82d2c2eb5ec1/5,3614
d8c1bee051905051/1,1419
02a1db974b04ef99/61,37
02a1db974b04ef99/62,26
02a1db974b04ef99/63,26
02a1db974b04ef99/64,26
02a1db974b04ef99/64,37
02a1db974b04ef99/67,6
02a1db974b04ef99/68,43
02a1db974b04ef99/70,1266
02a1db974b04ef99/71,26
02a1db974b04ef99/72,26
02a1db974b04ef99/74,26
02a1db974b04ef99/75,37
857338ab5bc59398/7,48
857338ab5bc59398/7,132
857338ab5bc59398/7,175
857338ab5bc59398/7,2003
857338ab5bc59398/7,52
857338ab5bc59398/7,1009
857338ab5bc59398/8,29
857338ab5bc59398/8,52
857338ab5bc59398/10,187
857338ab5bc59398/11,62
386c11de49d39886/3,2691
386c11de49d39886/3,281
386c11de49d39886/5,216
386c11de49d39886/5,3130
386c11de49d39886/5,784
386c11de49d39886/5,3130
0b464812bb58aec4/4,10
1827e72d076ccc13/1,22
1827e72d076ccc13/1,258
e1e88b204607aab0/1,259
39f1d28b41a7025b/2,67
39f1d28b41a7025b/2,757
39f1d28b41a7025b/3,67
39f1d28b41a7025b/3,3092
39f1d28b41a7025b/3,361
39f1d28b41a7025b/3,3154
39f1d28b41a7025b/3,757
39f1d28b41a7025b/3,3175
4862a37ce33afc23/21,37
4862a37ce33afc23/21,96
4862a37ce33afc23/22,257
4862a37ce33afc23/22,632
4862a37ce33afc23/26,2306
4862a37ce33afc23/26,340
4862a37ce33afc23/27,2306
4862a37ce33afc23/28,37
3d625e3cbeaafa76/1,43
3d625e3cbeaafa76/1,96
2ec61da34ca6949e/4,281
2ec61da34ca6949e/4,827
2ec61da34ca6949e/5,827
2ec61da34ca6949e/6,827
2ec61da34ca6949e/6,3029
2ec61da34ca6949e/7,3029
997bdbdf5c1edcc6/9,1030
997bdbdf5c1edcc6/10,1258
fa3935947cfed648/23,37
55e404a3c012cfd2/2,2294
55e404a3c012cfd2/4,521
55e404a3c012cfd2/5,2492
55e404a3c012cfd2/6,70
55e404a3c012cfd2/6,215
55e404a3c012cfd2/6,2347
2c795e2e1ff297b5/7,26
cb8b01288fd8ef86/2,217
cb8b01288fd8ef86/2,110
2560bcef45156fbf/1,217
2560bcef45156fbf/1,31
86c860183196227a/31,651
86c860183196227a/31,759
a5f09f80f426b8b9/1,976
cf3406172f36e111/1,156
b5d47846eb114b07/7,1898
c456f736b1f70398/2,66
775934c247853f09/1,2467
775934c247853f09/1,1168
7be796701bc2c675/4,26
6291bda9a8ae6ed5/8,37
6291bda9a8ae6ed5/8,673
6291bda9a8ae6ed5/9,43
6291bda9a8ae6ed5/9,96
6291bda9a8ae6ed5/9,765
6291bda9a8ae6ed5/10,37
6291bda9a8ae6ed5/10,3840
6291bda9a8ae6ed5/11,520
6291bda9a8ae6ed5/13,520
6291bda9a8ae6ed5/13,673
6291bda9a8ae6ed5/15,37
6291bda9a8ae6ed5/15,31
6291bda9a8ae6ed5/17,217
6291bda9a8ae6ed5/19,43
6291bda9a8ae6ed5/19,674
6291bda9a8ae6ed5/20,37
6291bda9a8ae6ed5/21,37
6291bda9a8ae6ed5/21,43
6291bda9a8ae6ed5/21,96
6291bda9a8ae6ed5/22,43
6291bda9a8ae6ed5/23,43
6291bda9a8ae6ed5/24,37
6291bda9a8ae6ed5/26,37
6291bda9a8ae6ed5/26,43
6291bda9a8ae6ed5/26,96
6291bda9a8ae6ed5/27,43
6291bda9a8ae6ed5/27,2470
6291bda9a8ae6ed5/28,2470
c9cd9ddbb9d68ca6/22,1064
c9cd9ddbb9d68ca6/22,15
c9cd9ddbb9d68ca6/22,49
c9cd9ddbb9d68ca6/22,89
c9cd9ddbb9d68ca6/22,787
c9cd9ddbb9d68ca6/22,1499
c9cd9ddbb9d68ca6/23,268
c9cd9ddbb9d68ca6/23,787
c9cd9ddbb9d68ca6/23,1048
c9cd9ddbb9d68ca6/23,1617
c9cd9ddbb9d68ca6/25,12
c9cd9ddbb9d68ca6/25,113
c9cd9ddbb9d68ca6/25,230
c9cd9ddbb9d68ca6/25,266
c9cd9ddbb9d68ca6/25,430
c9cd9ddbb9d68ca6/25,797
c9cd9ddbb9d68ca6/25,2376
c9cd9ddbb9d68ca6/26,117
c9cd9ddbb9d68ca6/26,787
6dde7e5e5a4b3756/1,520
6dde7e5e5a4b3756/1,4303
6dde7e5e5a4b3756/2,952
6dde7e5e5a4b3756/5,170
6f945defc12c84d6/1,37
6f945defc12c84d6/1,65
3f825764208f3ac5/5,48
3f825764208f3ac5/5,187
3f825764208f3ac5/7,1536
1091d722b895e89f/21,230
1091d722b895e89f/23,207
1091d722b895e89f/23,156
8b48d99d80224856/2,1736
3d4958204b8a362c/1,3094
248cbc807b2a90f6/103,62
248cbc807b2a90f6/103,253
248cbc807b2a90f6/103,255
248cbc807b2a90f6/103,257
248cbc807b2a90f6/103,259
248cbc807b2a90f6/103,425
248cbc807b2a90f6/103,583
248cbc807b2a90f6/103,627
248cbc807b2a90f6/103,187
248cbc807b2a90f6/103,1419
248cbc807b2a90f6/103,4184
248cbc807b2a90f6/104,1583
248cbc807b2a90f6/105,37
248cbc807b2a90f6/106,29
248cbc807b2a90f6/106,217
248cbc807b2a90f6/106,689
248cbc807b2a90f6/106,2426
248cbc807b2a90f6/106,2265
248cbc807b2a90f6/107,170
248cbc807b2a90f6/107,257
248cbc807b2a90f6/107,296
248cbc807b2a90f6/107,349
248cbc807b2a90f6/107,428
248cbc807b2a90f6/107,632
248cbc807b2a90f6/107,688
248cbc807b2a90f6/107,477
248cbc807b2a90f6/107,367
248cbc807b2a90f6/107,1462
248cbc807b2a90f6/107,1717
248cbc807b2a90f6/107,1798
248cbc807b2a90f6/107,23
248cbc807b2a90f6/107,1914
248cbc807b2a90f6/107,38
248cbc807b2a90f6/107,2503
248cbc807b2a90f6/107,2608
248cbc807b2a90f6/107,2386
248cbc807b2a90f6/107,2933
248cbc807b2a90f6/107,740
248cbc807b2a90f6/107,3819
248cbc807b2a90f6/107,4301
248cbc807b2a90f6/107,4399
248cbc807b2a90f6/107,4033
248cbc807b2a90f6/108,129
248cbc807b2a90f6/108,420
248cbc807b2a90f6/109,257
248cbc807b2a90f6/109,520
248cbc807b2a90f6/109,952
248cbc807b2a90f6/109,1567
248cbc807b2a90f6/110,26
248cbc807b2a90f6/110,257
248cbc807b2a90f6/110,461
248cbc807b2a90f6/110,485
248cbc807b2a90f6/110,65
248cbc807b2a90f6/110,2426
248cbc807b2a90f6/110,4399
691880125338aa29/10,185
a9e1eac58ab5be94/1,19
1280909967e094ee/1,400
83947cae6e554a7b/19,854
a3a600278a2c5d94/1,3611
00a4276a113f878b/1,400
00a4276a113f878b/1,574
00a4276a113f878b/1,757
ae87cbeee61c6076/2,1322
ae87cbeee61c6076/3,251
ae87cbeee61c6076/3,2153
ae87cbeee61c6076/4,1881
ae87cbeee61c6076/5,1843
ae87cbeee61c6076/5,2697
ae87cbeee61c6076/5,1881
c3644fc4dae50592/18,37
c3644fc4dae50592/18,43
c3644fc4dae50592/18,170
c3644fc4dae50592/18,238
c3644fc4dae50592/18,967
c3644fc4dae50592/18,3934
c3644fc4dae50592/18,4356
c3644fc4dae50592/18,651
c3644fc4dae50592/18,759
c3644fc4dae50592/18,1300
c3644fc4dae50592/18,4248
c3644fc4dae50592/19,37
c3644fc4dae50592/19,297
c3644fc4dae50592/20,26
c3644fc4dae50592/20,37
c3644fc4dae50592/20,972
c3644fc4dae50592/20,880
c3644fc4dae50592/21,388
c3644fc4dae50592/21,471
c3644fc4dae50592/21,581
c3644fc4dae50592/21,2716
c3644fc4dae50592/21,430
c3644fc4dae50592/21,2551
c3644fc4dae50592/23,3071
dbbdf8ba529d5349/1,1106
fc46e771e154ee17/23,170
fc46e771e154ee17/24,10
fc46e771e154ee17/25,1279
fc46e771e154ee17/25,1536
fc46e771e154ee17/26,170
fc46e771e154ee17/26,206
fc46e771e154ee17/26,937
fc46e771e154ee17/26,967
fc46e771e154ee17/26,1367
fc46e771e154ee17/27,26
fc46e771e154ee17/27,96
8b904bccaa679bcd/1,2869
759c4f583f17421b/2,214
759c4f583f17421b/9,1597
f3ff7fc704fd42a1/1,551
417908be26c89dc4/1,37
44ddc8e489b71907/1,26
44ddc8e489b71907/1,388
44ddc8e489b71907/1,2332
44ddc8e489b71907/3,1322
44ddc8e489b71907/4,847
44ddc8e489b71907/5,68
44ddc8e489b71907/6,31
44ddc8e489b71907/6,68
44ddc8e489b71907/6,647
44ddc8e489b71907/6,1597
37450364afd5b9b4/1,3168
37450364afd5b9b4/1,3144
37450364afd5b9b4/1,3069
37450364afd5b9b4/2,3036
37450364afd5b9b4/3,3036
37450364afd5b9b4/4,3152
8a921bc58ab9c2e2/2,170
8a921bc58ab9c2e2/2,238
8a921bc58ab9c2e2/2,1080
1e68b64cb1974b30/2,1579
e4e795a8195e62a4/51,171
194fa43afa736a80/1,1080
4fc6aaced45bf88c/4,255
4fc6aaced45bf88c/5,732
4fc6aaced45bf88c/8,4308
4fc6aaced45bf88c/8,674
4fc6aaced45bf88c/8,3163
4fc6aaced45bf88c/9,3157
59500da37d5c0c05/9,590
2006309772c10e13/29,787
231a7b6b2c66a0a3/1,52
e060de09f5b35116/1,246
e060de09f5b35116/1,447
e060de09f5b35116/1,963
e060de09f5b35116/1,1130
e060de09f5b35116/1,1691
e060de09f5b35116/1,1243
e060de09f5b35116/1,470
e060de09f5b35116/1,2446
e060de09f5b35116/1,3775
e060de09f5b35116/1,1536
01fe09df9718ccb8/1,1604
01fe09df9718ccb8/2,170
4067c807b936e8b1/1,967
6799c598c1ba825a/2,255
6799c598c1ba825a/2,425
6799c598c1ba825a/2,1057
6799c598c1ba825a/2,2758
6799c598c1ba825a/3,2758
195e70b0b3a1d926/4,170
195e70b0b3a1d926/4,1266
195e70b0b3a1d926/5,2425
195e70b0b3a1d926/6,65
195e70b0b3a1d926/6,581
195e70b0b3a1d926/7,65
195e70b0b3a1d926/7,581
e5e598291b3216bc/5,567
9f56bbb61cd99d06/4,1877
9f56bbb61cd99d06/7,4279
9f56bbb61cd99d06/8,1877
9f56bbb61cd99d06/11,428
b2738e4d83f0393e/1,928
b2738e4d83f0393e/1,1079
b2738e4d83f0393e/1,89
b2738e4d83f0393e/1,134
b2738e4d83f0393e/1,607
b2738e4d83f0393e/1,705
b2738e4d83f0393e/1,808
b2738e4d83f0393e/1,1048
b2738e4d83f0393e/1,1597
b2738e4d83f0393e/1,2481
b2738e4d83f0393e/2,2206
b2738e4d83f0393e/2,808
b2738e4d83f0393e/4,279
b2738e4d83f0393e/4,266
a3a23966c8d65416/1,463
a3a23966c8d65416/1,1146
2aed4c3ce377961e/10,62
2aed4c3ce377961e/10,823
fe35b99d8c8c8946/1,48
fe35b99d8c8c8946/1,284
fe35b99d8c8c8946/2,117
fe35b99d8c8c8946/2,204
fe35b99d8c8c8946/2,345
59efdfdb78556aa2/1,170
d9d7a452e6d94419/5,1164
d9d7a452e6d94419/5,1384
d9d7a452e6d94419/6,31
c9e276f65a735199/1,199
bcf289dbab01653c/6,409
bcf289dbab01653c/7,1796
2aed587c029bbeb7/1,823
2aed587c029bbeb7/1,897
2aed587c029bbeb7/1,185
2aed587c029bbeb7/2,823
55f8e87eeceb0b2f/1,37
55f8e87eeceb0b2f/1,1139
4aea8aa7b00d4088/1,129
4aea8aa7b00d4088/2,4188
4120278edf589948/2,760
6a5d3293bc7ae067/27,96
6a5d3293bc7ae067/27,165
6a5d3293bc7ae067/27,170
6a5d3293bc7ae067/27,297
6a5d3293bc7ae067/28,1384
65732afe73d3e9b5/6,1916
65732afe73d3e9b5/6,1947
65732afe73d3e9b5/6,585
65732afe73d3e9b5/8,187
65732afe73d3e9b5/9,3250
46f9df7b3bb088e5/1,930
fdbab24c1418afa0/1,372
1dbaa1c867b585f8/1,1063
1dbaa1c867b585f8/1,819
1dbaa1c867b585f8/1,2266
2040556fe0753be1/7,170
2040556fe0753be1/7,471
2040556fe0753be1/7,763
2040556fe0753be1/7,2109
2040556fe0753be1/8,766
edd1539aa0297b2b/12,669
baa25cc38efdb17e/1,1108
baa25cc38efdb17e/1,1823
baa25cc38efdb17e/1,1992
baa25cc38efdb17e/1,2242
baa25cc38efdb17e/1,2461
e2c8b742d22fed49/1,96
e2c8b742d22fed49/1,285
e2c8b742d22fed49/1,532
e2c8b742d22fed49/2,96
cf04476093bed59e/3,1332
8fd27b7dc25430e8/4,43
8fd27b7dc25430e8/5,26
8fd27b7dc25430e8/5,43
8fd27b7dc25430e8/6,43
8fd27b7dc25430e8/6,120
8fd27b7dc25430e8/8,43
587a08408ef9fb69/6,2638
587a08408ef9fb69/6,2426
587a08408ef9fb69/7,293
cd27798c056b5cee/1,669
cd27798c056b5cee/2,1485
cd27798c056b5cee/2,705
840301ecb31c2eb9/1,43
345ecda0d6feab78/1,206
345ecda0d6feab78/1,3934
345ecda0d6feab78/1,199
345ecda0d6feab78/2,206
91f298a73c618679/16,2986
91f298a73c618679/16,3123
94cad9ae6bccaee5/1,3611
c949ba90d4635803/1,3
c949ba90d4635803/1,544
c949ba90d4635803/1,208
fefbefd8f009eb0b/2,259
fefbefd8f009eb0b/3,3087
fefbefd8f009eb0b/3,3087
90fbfa16faced814/2,37
90fbfa16faced814/2,43
90fbfa16faced814/2,764
90fbfa16faced814/3,43
90fbfa16faced814/5,37
90fbfa16faced814/5,388
90fbfa16faced814/6,388
b12de68418c46582/1,1384
b5abed0d833b9e45/2,37
b5abed0d833b9e45/2,43
b5abed0d833b9e45/2,96
b5abed0d833b9e45/2,3014
b5abed0d833b9e45/2,3014
b5abed0d833b9e45/2,3014
b5abed0d833b9e45/3,37
b5abed0d833b9e45/3,3014
43567ee7d603ec54/2,316
43567ee7d603ec54/2,2992
5da82bf9c7a04c1f/68,53
5da82bf9c7a04c1f/68,2261
5da82bf9c7a04c1f/69,156
5da82bf9c7a04c1f/69,898
8afc091a07274527/155,1025
701f6f491825ab87/17,3611
701f6f491825ab87/17,2470
d16619df4aec26ba/1,259
d16619df4aec26ba/1,3153
6e60e0e40f7d33cf/2,170
f7cbb84cb5af6515/2,445
f7cbb84cb5af6515/2,2915
1b7fe178b1b394ab/6,147
1b7fe178b1b394ab/6,199
1b7fe178b1b394ab/7,581
1b7fe178b1b394ab/7,976
1b7fe178b1b394ab/8,673
1b7fe178b1b394ab/8,581
1b7fe178b1b394ab/10,581
1b7fe178b1b394ab/11,297
1b7fe178b1b394ab/11,4064
1b7fe178b1b394ab/11,1146
1b7fe178b1b394ab/11,3012
068abe0c23f84e39/1,206
068abe0c23f84e39/1,556
068abe0c23f84e39/2,1108
068abe0c23f84e39/3,67
068abe0c23f84e39/3,340
c386580e9d7adf34/39,96
c386580e9d7adf34/40,1527
c386580e9d7adf34/41,96
c386580e9d7adf34/41,31
5f7f16dce653fdb2/1,461
5f7f16dce653fdb2/1,65
5f7f16dce653fdb2/1,285
5f7f16dce653fdb2/2,268
5f7f16dce653fdb2/2,1146
5f7f16dce653fdb2/4,37
5f7f16dce653fdb2/4,31
5f7f16dce653fdb2/6,349
5f7f16dce653fdb2/6,65
2312b61c937d51b4/3,53
2312b61c937d51b4/4,527
2312b61c937d51b4/4,53
2312b61c937d51b4/5,147
2312b61c937d51b4/5,781
2312b61c937d51b4/6,781
2312b61c937d51b4/6,3102
2312b61c937d51b4/8,3206
d40806dcb688cc83/1,843
6d3c360362bf4baa/4,513
6d3c360362bf4baa/4,187
6d3c360362bf4baa/4,963
6d3c360362bf4baa/5,187
6d3c360362bf4baa/6,40
6d3c360362bf4baa/6,1427
6d3c360362bf4baa/6,466
6d3c360362bf4baa/6,1375
6d3c360362bf4baa/6,415
6d3c360362bf4baa/6,3605
6d3c360362bf4baa/6,3640
6d3c360362bf4baa/7,4207
1b38ab8013e47c1a/3,249
1b38ab8013e47c1a/3,614
e9065b11131c3d38/3,132
e9065b11131c3d38/3,400
a007882dbc50976a/2,1019
a007882dbc50976a/2,1836
a007882dbc50976a/2,156
a007882dbc50976a/2,1096
1a68ef3c5729f383/1,2160
1a68ef3c5729f383/1,2411
266ba7971b3a64a9/1,501
266ba7971b3a64a9/1,598
266ba7971b3a64a9/1,1274
266ba7971b3a64a9/1,1217
266ba7971b3a64a9/1,2598
0217fc590213c63a/7,1246
0217fc590213c63a/7,1541
0217fc590213c63a/7,147
0217fc590213c63a/7,677
0b55593b22146646/1,1113
0b55593b22146646/2,1968
64d1c8cd9d490d5c/2,43
64d1c8cd9d490d5c/2,16
548a9a164360de6c/1,96
66feaef36043e2d8/1,48
c78c4584d748b91a/1,62
c78c4584d748b91a/1,130
c78c4584d748b91a/1,218
c78c4584d748b91a/1,946
c78c4584d748b91a/1,1084
c78c4584d748b91a/1,806
c78c4584d748b91a/1,117
c78c4584d748b91a/1,1347
72daa96792f7a078/1,1127
72daa96792f7a078/1,1499
445ef354bad462ac/1,574
8d636e4eb6f59d2a/1,727
8d636e4eb6f59d2a/2,26
8d636e4eb6f59d2a/2,37
8d636e4eb6f59d2a/2,76
5d9a5e0048c2c592/6,731
5d9a5e0048c2c592/7,67
5d9a5e0048c2c592/7,3092
f9555adca318b8f7/1,569
56dbeb2b91337f86/2,588
56dbeb2b91337f86/2,997
56dbeb2b91337f86/2,1436
56dbeb2b91337f86/2,2642
56dbeb2b91337f86/2,1733
56dbeb2b91337f86/2,1768
56dbeb2b91337f86/2,2251
56dbeb2b91337f86/2,658
56dbeb2b91337f86/2,3905
56dbeb2b91337f86/2,285
56dbeb2b91337f86/2,298
56dbeb2b91337f86/2,362
56dbeb2b91337f86/2,395
56dbeb2b91337f86/2,631
56dbeb2b91337f86/2,804
56dbeb2b91337f86/2,919
56dbeb2b91337f86/2,2205
56dbeb2b91337f86/2,2242
56dbeb2b91337f86/3,588
56dbeb2b91337f86/3,804
1ae56ff8a5e11856/1,536
693daf9640f96a5b/1,48
693daf9640f96a5b/1,170
693daf9640f96a5b/1,257
693daf9640f96a5b/1,267
693daf9640f96a5b/1,727
693daf9640f96a5b/1,822
693daf9640f96a5b/1,877
693daf9640f96a5b/1,1045
693daf9640f96a5b/1,1075
693daf9640f96a5b/1,120
693daf9640f96a5b/1,457
693daf9640f96a5b/1,817
693daf9640f96a5b/1,1736
693daf9640f96a5b/1,1771
693daf9640f96a5b/1,147
693daf9640f96a5b/1,1494
4e4dbd0676856417/1,1752
4e4dbd0676856417/1,2334
2fb95cbb37f6d6d2/1,52
f8b672aae15b0dba/2,387
0edd16981d1f7d73/1,653
800dce6ec6756003/1,586
800dce6ec6756003/1,1539
800dce6ec6756003/1,156
800dce6ec6756003/2,218
800dce6ec6756003/2,499
800dce6ec6756003/2,875
800dce6ec6756003/2,882
800dce6ec6756003/2,1084
800dce6ec6756003/2,1221
800dce6ec6756003/2,2089
800dce6ec6756003/2,2155
800dce6ec6756003/2,1819
800dce6ec6756003/2,3833
800dce6ec6756003/2,2848
800dce6ec6756003/2,16
800dce6ec6756003/2,19
800dce6ec6756003/2,52
800dce6ec6756003/2,268
800dce6ec6756003/2,343
800dce6ec6756003/2,610
800dce6ec6756003/2,626
800dce6ec6756003/2,816
800dce6ec6756003/2,1531
800dce6ec6756003/2,2334
800dce6ec6756003/2,2602
800dce6ec6756003/3,2848
800dce6ec6756003/3,3251
800dce6ec6756003/3,2602
800dce6ec6756003/3,3251
800dce6ec6756003/4,4308
800dce6ec6756003/4,3082
800dce6ec6756003/4,3156
800dce6ec6756003/4,3156
800dce6ec6756003/4,3082
b8dab795e5397af6/5,199
ea7c7b3fd2cccfc2/1,1282
8901d8f248f56708/2,33
c1595fff3f1331ec/3,26
c1595fff3f1331ec/3,2107
c1595fff3f1331ec/3,6
6df194e6c11eb6e3/1,37
0b6af7bde8cbd6f3/3,4356
0b6af7bde8cbd6f3/3,4317
c02af76a21568e15/1,1429
7eef7d45a1da9db5/4,85
6db0e6464e7588ba/2,89
6db0e6464e7588ba/5,430
7b0873bb1cc5023b/1,85
7f97c1ffe39e5899/2,26
7f97c1ffe39e5899/5,238
7f97c1ffe39e5899/5,1146
7f97c1ffe39e5899/6,26
7f97c1ffe39e5899/6,769
ddba76acb6df3d32/2,573
ddba76acb6df3d32/2,847
ddba76acb6df3d32/3,995
ddba76acb6df3d32/3,52
ddba76acb6df3d32/3,110
ddba76acb6df3d32/3,395
1c6395120512cc0c/1,132
1c6395120512cc0c/4,132
1c6395120512cc0c/4,911
1c6395120512cc0c/4,2426
1c6395120512cc0c/7,450
1c6395120512cc0c/7,3085
1c6395120512cc0c/7,19
1c6395120512cc0c/7,3088
1c6395120512cc0c/8,353
1c6395120512cc0c/8,202
1c6395120512cc0c/8,206
1c6395120512cc0c/8,4126
1c6395120512cc0c/8,4037
1c6395120512cc0c/8,4064
4a429fdf8b19fa20/6,1389
afd9709341a24690/4,627
afd9709341a24690/4,2638
5f65fd2107a79f42/1,3098
0cfbcb9c19cb6fe0/1,29
5e459761593d204b/12,1018
b149bc6d12ad9296/1,156
b149bc6d12ad9296/1,1347
3e40e9f40c1228a0/1,253
3e40e9f40c1228a0/1,524
3e40e9f40c1228a0/1,117
c079bd1703f84dbc/1,968
c079bd1703f84dbc/1,1617
c079bd1703f84dbc/2,1978
c079bd1703f84dbc/3,1220
c079bd1703f84dbc/5,401
c079bd1703f84dbc/5,705
b729bc347cd55609/2,170
b729bc347cd55609/3,170
b729bc347cd55609/3,1868
b729bc347cd55609/3,2826
b729bc347cd55609/4,1868
b729bc347cd55609/4,2681
b729bc347cd55609/4,2826
b729bc347cd55609/5,37
b729bc347cd55609/5,170
b729bc347cd55609/5,1080
b729bc347cd55609/6,170
b729bc347cd55609/7,170
b729bc347cd55609/8,674
60d6799e953873f1/1,1377
2a8c6388f4529cf9/1,942
2a8c6388f4529cf9/2,1174
2a8c6388f4529cf9/2,2304
2a8c6388f4529cf9/2,4209
ff73af1c88178db6/1,43
ff73af1c88178db6/1,217
ff73af1c88178db6/1,370
ff73af1c88178db6/1,1970
985a6c1df0333a75/1,1048
a53a3cac0efed93d/2,170
a53a3cac0efed93d/2,3688
a53a3cac0efed93d/4,10
a53a3cac0efed93d/4,598
a53a3cac0efed93d/4,3688
a53a3cac0efed93d/6,31
a53a3cac0efed93d/6,147
a53a3cac0efed93d/6,975
a53a3cac0efed93d/9,147
a53a3cac0efed93d/9,674
a53a3cac0efed93d/12,395
d7c5d9160ca9da1a/4,48
d7c5d9160ca9da1a/6,48
d7c5d9160ca9da1a/6,485
d7c5d9160ca9da1a/7,217
d7c5d9160ca9da1a/7,485
d7c5d9160ca9da1a/7,3953
d7c5d9160ca9da1a/7,3934
7d6f1b9ad1e651f7/1,170
a206d756a0a43a29/6,26
a206d756a0a43a29/7,26
a206d756a0a43a29/8,1243
a206d756a0a43a29/9,129
a206d756a0a43a29/9,217
a206d756a0a43a29/9,187
7d8c295d01f13d2d/2,253
7d8c295d01f13d2d/2,265
7acc61b743809932/2,53
7acc61b743809932/2,235
7acc61b743809932/2,332
7acc61b743809932/2,644
7acc61b743809932/2,742
7acc61b743809932/2,1384
7acc61b743809932/3,742
53d727842a89db03/4,937
53d727842a89db03/7,2192
53d727842a89db03/7,876
53d727842a89db03/10,195
53d727842a89db03/10,430
53d727842a89db03/10,644
53d727842a89db03/10,797
53d727842a89db03/10,827
53d727842a89db03/10,1009
53d727842a89db03/10,1134
53d727842a89db03/10,1448
6feb8047e4f0f7ea/7,26
6feb8047e4f0f7ea/9,52
6feb8047e4f0f7ea/10,110
7ba1dc353e9fa009/25,170
7ba1dc353e9fa009/26,48
7ba1dc353e9fa009/27,170
7ba1dc353e9fa009/27,187
7ba1dc353e9fa009/28,48
7ba1dc353e9fa009/28,2426
7ba1dc353e9fa009/30,1074
7ba1dc353e9fa009/30,285
8309b7dceb54e933/1,43
8309b7dceb54e933/1,62
8309b7dceb54e933/1,386
8309b7dceb54e933/1,374
8309b7dceb54e933/1,345
8309b7dceb54e933/2,29
8309b7dceb54e933/2,129
8309b7dceb54e933/2,165
8309b7dceb54e933/2,386
8309b7dceb54e933/2,3684
8309b7dceb54e933/3,386
ca21c7e42e1e929e/1,37
ca21c7e42e1e929e/2,257
ca21c7e42e1e929e/2,302
ca21c7e42e1e929e/2,952
4c47964254e87a0a/6,268
4c47964254e87a0a/7,3100
4c47964254e87a0a/7,3163
69a4e85eaccffb92/1,170
b19a5915eaed208b/1,271
b19a5915eaed208b/1,471
f745a8081ed1e7be/20,40
f745a8081ed1e7be/20,466
f745a8081ed1e7be/20,1375
f745a8081ed1e7be/21,40
f745a8081ed1e7be/22,1520
994b5518f992e942/2,545
994b5518f992e942/2,871
994b5518f992e942/2,1217
994b5518f992e942/2,3963
994b5518f992e942/3,847
994b5518f992e942/3,1715
5d984635a741dbd3/1,395
5d984635a741dbd3/1,2273
3e5c675fcf38c336/1,27
3e5c675fcf38c336/1,257
3e5c675fcf38c336/1,16
fea0a009a8624a15/1,2561
fea0a009a8624a15/1,2029
fea0a009a8624a15/1,808
fea0a009a8624a15/1,1300
458d6518dbc68880/1,4523
d35ab5115b65895d/1,302
4ca69fd958706cb5/1,255
4ca69fd958706cb5/1,284
4ca69fd958706cb5/1,244
ac74b71315e9b676/1,170
ac74b71315e9b676/1,333
ac74b71315e9b676/1,692
ac74b71315e9b676/1,693
ac74b71315e9b676/1,206
ac74b71315e9b676/1,916
ac74b71315e9b676/1,400
ac74b71315e9b676/1,1229
ac74b71315e9b676/1,1702
ac74b71315e9b676/1,745
ac74b71315e9b676/1,2388
ac74b71315e9b676/1,1386
ac74b71315e9b676/1,53
ac74b71315e9b676/1,113
ac74b71315e9b676/1,200
ac74b71315e9b676/1,226
ac74b71315e9b676/1,268
ac74b71315e9b676/1,340
ac74b71315e9b676/1,419
ac74b71315e9b676/1,607
ac74b71315e9b676/1,664
ac74b71315e9b676/1,671
ac74b71315e9b676/1,677
ac74b71315e9b676/1,757
ac74b71315e9b676/1,781
ac74b71315e9b676/1,804
ac74b71315e9b676/1,842
ac74b71315e9b676/1,1366
ac74b71315e9b676/1,1413
ac74b71315e9b676/1,3761
ac74b71315e9b676/2,419
ac74b71315e9b676/3,693
ac74b71315e9b676/3,1229
ac74b71315e9b676/3,855
ac74b71315e9b676/3,268
5d956d8ce77ece3e/1,147
07a47d3780c9a217/1,682
07a47d3780c9a217/1,3087
07a47d3780c9a217/2,3044
ee99dd43c6a675a3/1,257
5a8c2782e5a2a25d/8,4317
d3bfbaf719937e3d/17,117
d3bfbaf719937e3d/17,671
d3bfbaf719937e3d/17,2149
d3bfbaf719937e3d/17,2153
d3bfbaf719937e3d/18,471
d3bfbaf719937e3d/18,664
0c93e03837cdee85/2,12
16d38e4aa54898aa/1,15
16d38e4aa54898aa/1,70
16d38e4aa54898aa/1,85
16d38e4aa54898aa/1,610
16d38e4aa54898aa/1,1145
16d38e4aa54898aa/2,157
16d38e4aa54898aa/2,585
3d051023ecc40c39/1,471
1331039c8d7227ea/3,247
1331039c8d7227ea/4,574
1331039c8d7227ea/4,4081
1331039c8d7227ea/4,33
1331039c8d7227ea/4,89
1331039c8d7227ea/4,1633
1331039c8d7227ea/5,674
1331039c8d7227ea/5,976
ba04b9cafe6280ca/13,170
ba04b9cafe6280ca/15,170
ba04b9cafe6280ca/20,62
ba04b9cafe6280ca/21,170
ba04b9cafe6280ca/23,129
6a8168f19b0d1099/1,31
de8886b9ea457d0e/17,515
de8886b9ea457d0e/17,2644
de8886b9ea457d0e/21,1515
cccb7612e500801b/90,26
cccb7612e500801b/93,26
cccb7612e500801b/93,176
cccb7612e500801b/94,3014
cccb7612e500801b/94,3014
27366e5da6b1fad4/2,1503
f156c902ff57c522/7,2470
71cdc462e7634587/1,1146
d23b662453ce9c8e/6,1147
46e209befa057011/1,823
46e209befa057011/1,1208
72ce47e804cad861/1,1626
72ce47e804cad861/1,1439
72ce47e804cad861/2,1689
72ce47e804cad861/2,3818
72ce47e804cad861/2,1626
72ce47e804cad861/2,1439
8bd6c2351fb9a636/1,147
8bd6c2351fb9a636/2,6
8bd6c2351fb9a636/2,757
8bd6c2351fb9a636/2,921
743f661db2ee482a/1,1643
743f661db2ee482a/2,1643
743f661db2ee482a/2,705
a0aec74bb5a640e7/1,700
a0aec74bb5a640e7/1,437
a038bbd55e850c1d/1,976
477b9ea8314537fc/3,31
477b9ea8314537fc/3,147
477b9ea8314537fc/4,67
477b9ea8314537fc/4,419
477b9ea8314537fc/6,1448
477b9ea8314537fc/9,285
477b9ea8314537fc/19,216
477b9ea8314537fc/19,285
477b9ea8314537fc/20,268
477b9ea8314537fc/21,52
477b9ea8314537fc/21,1164
4c70ca933be281b3/7,43
4c70ca933be281b3/8,67
4c70ca933be281b3/9,47
4c70ca933be281b3/9,1941
681ae3227941e74e/1,26
681ae3227941e74e/1,132
681ae3227941e74e/1,732
681ae3227941e74e/2,653
681ae3227941e74e/2,187
681ae3227941e74e/2,207
681ae3227941e74e/2,3694
637057c86aee3173/3,99
637057c86aee3173/3,447
637057c86aee3173/3,890
637057c86aee3173/3,470
637057c86aee3173/3,285
637057c86aee3173/4,1520
637057c86aee3173/4,1890
637057c86aee3173/4,1464
637057c86aee3173/4,1764
637057c86aee3173/8,1691
637057c86aee3173/8,2211
637057c86aee3173/8,1764
637057c86aee3173/8,2874
637057c86aee3173/8,1448
ec30af33bdf09d9b/2,1386
6b5c8224fc2fa649/4,929
6b5c8224fc2fa649/4,1551
6b5c8224fc2fa649/4,669
a757fd6864a6b7e5/1,67
a757fd6864a6b7e5/1,781
a757fd6864a6b7e5/1,3933
a757fd6864a6b7e5/2,280
a757fd6864a6b7e5/2,797
a757fd6864a6b7e5/2,921
a757fd6864a6b7e5/2,1108
a757fd6864a6b7e5/2,1168
a757fd6864a6b7e5/2,1423
a757fd6864a6b7e5/2,3933
a757fd6864a6b7e5/3,1208
af6a35919fb7bf35/1,170
af6a35919fb7bf35/1,972
99acab277102b1e3/1,3099
99acab277102b1e3/1,3053
08a0f2bbcf8cc694/1,457
08a0f2bbcf8cc694/3,3151
b3e02a69dbf6f5b7/2,594
b3e02a69dbf6f5b7/2,1108
18cc6199d680e88a/1,432
18cc6199d680e88a/1,1167
18cc6199d680e88a/2,1167
323d4e85b7925681/2,2187
cbda0c2e65154b2f/1,739
cbda0c2e65154b2f/1,2133
72e86056d7e44cff/3,4025
72e86056d7e44cff/3,3032
72e86056d7e44cff/3,3032
1edbcb96c6c98158/1,1347
1edbcb96c6c98158/1,1384
f745a8081ed1e7be/20,40
f745a8081ed1e7be/20,466
f745a8081ed1e7be/20,1375
f745a8081ed1e7be/21,40
f745a8081ed1e7be/22,1520
26ea212504cca966/1,18
26ea212504cca966/1,185
26ea212504cca966/1,226
26ea212504cca966/1,671
26ea212504cca966/1,1194
26ea212504cca966/1,1322
26ea212504cca966/1,1617
26ea212504cca966/1,2118
26ea212504cca966/2,185
f7863b4f3d3e7fa7/4,37
f7863b4f3d3e7fa7/5,10
f7863b4f3d3e7fa7/5,26
f7863b4f3d3e7fa7/5,37
f7863b4f3d3e7fa7/5,43
f7863b4f3d3e7fa7/5,170
f7863b4f3d3e7fa7/5,253
f7863b4f3d3e7fa7/5,3799
f7863b4f3d3e7fa7/7,4303
f7863b4f3d3e7fa7/8,26
f7863b4f3d3e7fa7/8,37
f7863b4f3d3e7fa7/11,2470
f7863b4f3d3e7fa7/11,3799
f7863b4f3d3e7fa7/11,27
f7863b4f3d3e7fa7/11,4550
f7863b4f3d3e7fa7/11,3086
5d3f91f2d85bfcea/1,3934
5d3f91f2d85bfcea/1,147
5d3f91f2d85bfcea/1,651
5d3f91f2d85bfcea/1,682
5d3f91f2d85bfcea/1,1082
5d3f91f2d85bfcea/2,4354
5d3f91f2d85bfcea/2,3934
5d3f91f2d85bfcea/2,332
5d3f91f2d85bfcea/2,345
5d3f91f2d85bfcea/2,1252
5d3f91f2d85bfcea/2,1300
5d3f91f2d85bfcea/2,1423
5d3f91f2d85bfcea/2,2074
5d3f91f2d85bfcea/2,2929
5d3f91f2d85bfcea/3,345
5d3f91f2d85bfcea/4,3934
5d3f91f2d85bfcea/4,16
5d3f91f2d85bfcea/4,52
5d3f91f2d85bfcea/4,55
5d3f91f2d85bfcea/4,127
5d3f91f2d85bfcea/4,281
5d3f91f2d85bfcea/4,345
5d3f91f2d85bfcea/4,420
5d3f91f2d85bfcea/4,567
5d3f91f2d85bfcea/4,781
5d3f91f2d85bfcea/4,816
5d3f91f2d85bfcea/4,849
5d3f91f2d85bfcea/4,985
5d3f91f2d85bfcea/5,55
5d3f91f2d85bfcea/5,147
5d3f91f2d85bfcea/5,345
5d3f91f2d85bfcea/5,420
5d3f91f2d85bfcea/5,781
5d3f91f2d85bfcea/5,816
06bd82d87a26f48e/1,55
06bd82d87a26f48e/1,582
edf9f6b978df510d/34,37
edf9f6b978df510d/34,43
edf9f6b978df510d/34,96
edf9f6b978df510d/36,37
edf9f6b978df510d/36,31
edf9f6b978df510d/37,37
39cc99702802fbd6/1,812
99635136b0dc4f21/1,26
e6909787dd65ccc6/1,48
e6909787dd65ccc6/1,167
e6909787dd65ccc6/2,682
8a31ae7833ab4532/5,3055
8a31ae7833ab4532/5,3055
8a31ae7833ab4532/5,3055
bd52232446e1ad8c/1,37
bd52232446e1ad8c/2,26
bd52232446e1ad8c/3,31
f610f018081401c1/2,259
f610f018081401c1/3,259
f610f018081401c1/3,346
f610f018081401c1/4,259
f610f018081401c1/5,259
f610f018081401c1/6,329
f610f018081401c1/6,693
f610f018081401c1/6,1144
f610f018081401c1/6,346
f610f018081401c1/6,1940
f610f018081401c1/7,257
f610f018081401c1/7,259
f610f018081401c1/7,206
f610f018081401c1/7,952
f610f018081401c1/7,1266
f610f018081401c1/7,65
f610f018081401c1/8,259
21d9cdc5f3ec0f91/6,31
5124589fe45da4d4/39,1056
5124589fe45da4d4/39,1633
05cfae8d9188516e/1,26
05cfae8d9188516e/1,297
05cfae8d9188516e/1,40
05cfae8d9188516e/1,127
05cfae8d9188516e/1,1726
5ce7b0d87d5c1e5c/1,29
5ce7b0d87d5c1e5c/1,129
5ce7b0d87d5c1e5c/1,52
87bf5a6732fdf960/1,2811
fc7279bd9787b15c/1,147
fc7279bd9787b15c/1,677
fc7279bd9787b15c/1,2758
fc7279bd9787b15c/2,86
fc7279bd9787b15c/2,2696
fc7279bd9787b15c/2,1463
fc7279bd9787b15c/3,86
fc7279bd9787b15c/3,2229
fc7279bd9787b15c/3,1590
fc7279bd9787b15c/3,19
fc7279bd9787b15c/3,75
fc7279bd9787b15c/3,85
fc7279bd9787b15c/3,199
fc7279bd9787b15c/3,993
fc7279bd9787b15c/3,1194
fc7279bd9787b15c/3,1347
fc7279bd9787b15c/3,1463
fc7279bd9787b15c/4,257
fc7279bd9787b15c/4,1610
fc7279bd9787b15c/4,1550
fc7279bd9787b15c/4,972
fc7279bd9787b15c/4,15
fc7279bd9787b15c/4,2182
e298df946a30912b/1,317
9bc62f1ffb31f782/1,67
9bc62f1ffb31f782/1,226
e7f23959568948fe/8,141
e7f23959568948fe/8,351
e7f23959568948fe/8,450
e7f23959568948fe/8,1330
e7f23959568948fe/8,2753
e7f23959568948fe/8,437
e7f23959568948fe/9,255
e7f23959568948fe/9,700
e7f23959568948fe/9,1330
e7f23959568948fe/9,18
e7f23959568948fe/9,19
e7f23959568948fe/9,42
e7f23959568948fe/9,438
e7f23959568948fe/9,1194
b0cfda83bbd9025b/6,923
8650fc314ecb6780/8,89
7ba8ca3342374414/1,1084
7ba8ca3342374414/1,2134
7ba8ca3342374414/1,298
7ba8ca3342374414/1,921
7ba8ca3342374414/2,933
43c6081cad27ff80/1,1199
43c6081cad27ff80/1,1767
43c6081cad27ff80/1,332
43c6081cad27ff80/1,1715
43c6081cad27ff80/1,3797
932841fc6cf6fc48/43,1726
932841fc6cf6fc48/47,532
932841fc6cf6fc48/47,3152
5ef207accae7c327/37,727
5ef207accae7c327/37,285
5ef207accae7c327/37,590
8d3a4d5bdccbdebf/4,31
8d3a4d5bdccbdebf/7,2426
8d3a4d5bdccbdebf/11,170
e1361d2aef257ded/1,2566
e1361d2aef257ded/2,601
bbc5574571ba1046/1,898
bbc5574571ba1046/2,165
bbc5574571ba1046/2,187
bbc5574571ba1046/2,871
bbc5574571ba1046/2,1536
bbc5574571ba1046/3,345
bbc5574571ba1046/4,4243
bbc5574571ba1046/4,9
bbc5574571ba1046/4,52
bbc5574571ba1046/4,67
bbc5574571ba1046/4,268
bbc5574571ba1046/4,345
bbc5574571ba1046/4,1009
bbc5574571ba1046/5,52
bbc5574571ba1046/6,52
592bb87ba914a0a1/3,113
592bb87ba914a0a1/4,100
592bb87ba914a0a1/4,251
592bb87ba914a0a1/4,779
592bb87ba914a0a1/4,1528
4f2fea6fbfa68b35/6,1406
4f2fea6fbfa68b35/6,2428
efee3c3e4bf2d5a9/1,65
efee3c3e4bf2d5a9/1,147
b659c5eba59da618/1,62
b659c5eba59da618/1,937
b659c5eba59da618/1,574
b659c5eba59da618/1,336
b659c5eba59da618/2,37
b659c5eba59da618/2,257
b659c5eba59da618/2,482
b659c5eba59da618/2,726
b659c5eba59da618/2,952
b659c5eba59da618/2,120
b659c5eba59da618/2,3934
b659c5eba59da618/2,4356
4e76e9354300a9a4/3,850
4e76e9354300a9a4/4,145
4e76e9354300a9a4/4,171
4e76e9354300a9a4/4,301
4e76e9354300a9a4/5,850
386e43fe675dc6d4/6,923
890a43d3df9209fd/2,26
890a43d3df9209fd/3,2475
63ed65ee42cebc6e/8,1139
7be219cf65a592d6/1,37
6e244e3259d89253/165,27
6e244e3259d89253/165,952
6e244e3259d89253/166,37
6e244e3259d89253/167,673
6e244e3259d89253/168,37
6e244e3259d89253/169,10
6e244e3259d89253/169,37
6e244e3259d89253/169,967
6e244e3259d89253/169,673
6e244e3259d89253/170,37
6e244e3259d89253/171,10
6e244e3259d89253/171,37
6e244e3259d89253/171,302
6e244e3259d89253/171,388
6e244e3259d89253/171,952
6e244e3259d89253/171,120
6e244e3259d89253/171,3799
6e244e3259d89253/173,37
6e244e3259d89253/173,967
6e244e3259d89253/174,2470
6e244e3259d89253/175,37
6e244e3259d89253/176,37
6e244e3259d89253/176,967
6e244e3259d89253/177,37
6e244e3259d89253/177,293
6e244e3259d89253/177,967
6e244e3259d89253/178,37
6e244e3259d89253/180,37
6e244e3259d89253/180,967
6e244e3259d89253/181,37
6e244e3259d89253/181,293
6e244e3259d89253/181,937
6e244e3259d89253/181,574
6e244e3259d89253/182,37
6e244e3259d89253/182,967
6e244e3259d89253/182,31
6e244e3259d89253/183,37
6e244e3259d89253/183,293
6e244e3259d89253/183,952
6e244e3259d89253/183,967
6e244e3259d89253/183,120
6e244e3259d89253/184,37
6e244e3259d89253/185,37
6e244e3259d89253/185,967
6e244e3259d89253/185,673
6e244e3259d89253/185,4303
6e244e3259d89253/186,37
6e244e3259d89253/186,952
6e244e3259d89253/186,31
6e244e3259d89253/187,37
6e244e3259d89253/187,170
6e244e3259d89253/187,293
6e244e3259d89253/187,937
6e244e3259d89253/187,967
6e244e3259d89253/187,1246
6e244e3259d89253/187,1721
6e244e3259d89253/187,31
6e244e3259d89253/188,37
6e244e3259d89253/188,388
6e244e3259d89253/188,4303
6e244e3259d89253/190,37
6e244e3259d89253/190,967
6e244e3259d89253/190,4303
6e244e3259d89253/191,37
6e244e3259d89253/191,31
6e244e3259d89253/194,952
6e244e3259d89253/195,37
6e244e3259d89253/195,937
6e244e3259d89253/195,31
6e244e3259d89253/197,922
6e244e3259d89253/198,37
6e244e3259d89253/198,952
6e244e3259d89253/198,967
6e244e3259d89253/198,31
6e244e3259d89253/200,10
6e244e3259d89253/200,37
6e244e3259d89253/200,302
6e244e3259d89253/200,952
6e244e3259d89253/200,967
6e244e3259d89253/200,673
6e244e3259d89253/202,37
6e244e3259d89253/202,170
6e244e3259d89253/202,293
6e244e3259d89253/202,972
6e244e3259d89253/203,37
6e244e3259d89253/203,293
6e244e3259d89253/203,952
6e244e3259d89253/203,967
6e244e3259d89253/203,4356
6e244e3259d89253/204,37
6e244e3259d89253/204,293
6e244e3259d89253/204,120
6e244e3259d89253/205,37
6e244e3259d89253/205,31
6e244e3259d89253/206,37
6e244e3259d89253/206,293
6e244e3259d89253/206,967
6e244e3259d89253/208,37
6e244e3259d89253/209,37
6e244e3259d89253/209,388
6e244e3259d89253/209,4399
6e244e3259d89253/210,293
6e244e3259d89253/210,673
6e244e3259d89253/211,952
6e244e3259d89253/211,4399
6e244e3259d89253/212,37
6e244e3259d89253/212,293
6e244e3259d89253/213,10
6e244e3259d89253/213,147
6e244e3259d89253/213,664
6e244e3259d89253/214,43
6e244e3259d89253/214,293
6e244e3259d89253/215,10
6e244e3259d89253/215,37
6e244e3259d89253/215,967
6e244e3259d89253/215,4399
6e244e3259d89253/215,200
6e244e3259d89253/215,847
6e244e3259d89253/215,889
6e244e3259d89253/215,906
6e244e3259d89253/215,1873
6e244e3259d89253/215,2461
6e244e3259d89253/215,4248
6e244e3259d89253/216,673
6e244e3259d89253/216,1349
6e244e3259d89253/216,574
6e244e3259d89253/216,2310
6e244e3259d89253/217,4399
6e244e3259d89253/218,43
6e244e3259d89253/218,96
6e244e3259d89253/219,37
6e244e3259d89253/220,170
6e244e3259d89253/220,293
6e244e3259d89253/220,296
6e244e3259d89253/221,10
6e244e3259d89253/221,37
6e244e3259d89253/221,293
6e244e3259d89253/221,967
6e244e3259d89253/222,2470
6e244e3259d89253/222,2470
6e244e3259d89253/222,2470
6e244e3259d89253/222,2470
6e244e3259d89253/223,2470
6e244e3259d89253/225,3611
6e244e3259d89253/225,3799
ecdb85872c18e5d6/1,31
00b3a43caf4209d2/5,73
00b3a43caf4209d2/5,147
00b3a43caf4209d2/5,585
00b3a43caf4209d2/5,774
00b3a43caf4209d2/5,781
00b3a43caf4209d2/5,812
00b3a43caf4209d2/5,847
00b3a43caf4209d2/5,1194
00b3a43caf4209d2/5,1300
00b3a43caf4209d2/5,1384
00b3a43caf4209d2/5,1463
00b3a43caf4209d2/5,2205
00b3a43caf4209d2/5,2376
00b3a43caf4209d2/6,52
00b3a43caf4209d2/6,73
00b3a43caf4209d2/6,156
00b3a43caf4209d2/6,1669
00b3a43caf4209d2/7,499
00b3a43caf4209d2/7,52
00b3a43caf4209d2/7,156
00b3a43caf4209d2/7,797
00b3a43caf4209d2/8,57
00b3a43caf4209d2/8,53
00b3a43caf4209d2/8,113
00b3a43caf4209d2/8,147
00b3a43caf4209d2/8,200
00b3a43caf4209d2/8,419
00b3a43caf4209d2/8,671
00b3a43caf4209d2/8,682
00b3a43caf4209d2/8,738
00b3a43caf4209d2/8,781
00b3a43caf4209d2/8,797
00b3a43caf4209d2/8,1082
00b3a43caf4209d2/8,1366
00b3a43caf4209d2/8,1938
00b3a43caf4209d2/10,269
00b3a43caf4209d2/10,763
00b3a43caf4209d2/10,924
00b3a43caf4209d2/10,1719
00b3a43caf4209d2/10,1379
00b3a43caf4209d2/10,1536
00b3a43caf4209d2/10,42
00b3a43caf4209d2/10,395
00b3a43caf4209d2/10,590
00b3a43caf4209d2/10,2031
00b3a43caf4209d2/11,1309
00b3a43caf4209d2/11,1879
82ad5565d05e778e/1,749
82ad5565d05e778e/1,15
82ad5565d05e778e/1,33
82ad5565d05e778e/1,52
82ad5565d05e778e/1,85
82ad5565d05e778e/1,147
82ad5565d05e778e/1,198
82ad5565d05e778e/1,199
82ad5565d05e778e/1,232
82ad5565d05e778e/1,268
82ad5565d05e778e/1,285
82ad5565d05e778e/1,305
82ad5565d05e778e/1,345
82ad5565d05e778e/1,361
82ad5565d05e778e/1,419
82ad5565d05e778e/1,420
82ad5565d05e778e/1,585
82ad5565d05e778e/1,607
82ad5565d05e778e/1,781
82ad5565d05e778e/1,816
82ad5565d05e778e/1,847
82ad5565d05e778e/1,975
82ad5565d05e778e/1,1147
82ad5565d05e778e/1,1384
82ad5565d05e778e/1,1423
82ad5565d05e778e/1,1439
82ad5565d05e778e/1,1494
82ad5565d05e778e/1,2065
82ad5565d05e778e/1,2308
82ad5565d05e778e/1,2929
82ad5565d05e778e/2,1672
82ad5565d05e778e/2,33
82ad5565d05e778e/2,419
10ab1ab8e00092e0/2,972
1dbaa1c867b585f8/1,1063
1dbaa1c867b585f8/1,819
1dbaa1c867b585f8/1,2266
71490231d1803187/4,257
71490231d1803187/4,302
71490231d1803187/4,185
71490231d1803187/4,556
71490231d1803187/7,1921
71490231d1803187/7,1531
71490231d1803187/8,1921
71490231d1803187/8,1136
71490231d1803187/8,1531
11f8ad1db1dd5e67/1,19
11f8ad1db1dd5e67/1,647
b16ea9a6c79a0b2c/2,3088
b16ea9a6c79a0b2c/2,3088
b16ea9a6c79a0b2c/2,3088
b16ea9a6c79a0b2c/2,3088
b16ea9a6c79a0b2c/2,3088
9663ce8f45d9569b/5,253
00d704aa2dcf16ac/5,48
00d704aa2dcf16ac/5,487
00d704aa2dcf16ac/6,1684
ecc4dd0469d2c665/11,96
ecc4dd0469d2c665/13,157
ecc4dd0469d2c665/14,585
ecc4dd0469d2c665/14,1147
ecc4dd0469d2c665/15,1147
233e21ca67e98f53/1,218
5a89b42b409cc0f8/4,404
5a89b42b409cc0f8/4,821
5a89b42b409cc0f8/6,18
5a89b42b409cc0f8/8,29
5a89b42b409cc0f8/8,129
5a89b42b409cc0f8/8,284
5a89b42b409cc0f8/8,244
5a89b42b409cc0f8/8,619
5a89b42b409cc0f8/8,1045
5a89b42b409cc0f8/8,1415
5a89b42b409cc0f8/8,416
5a89b42b409cc0f8/8,617
5a89b42b409cc0f8/8,1618
5a89b42b409cc0f8/8,2305
5a89b42b409cc0f8/9,185
f6c404a4831c57c2/7,590
0bcc36574e95b2c4/1,499
0bcc36574e95b2c4/1,1084
f667256b77b4e776/1,1597
a4aae222a8850f2f/4,48
a4aae222a8850f2f/4,1569
a4aae222a8850f2f/4,919
3613d79a8dd7f0bf/1,52
3613d79a8dd7f0bf/1,119
7842cfc3436c2252/2,29
7842cfc3436c2252/3,29
27e16614814607d6/1,62
27e16614814607d6/1,170
27e16614814607d6/1,255
27e16614814607d6/1,297
27e16614814607d6/1,823
27e16614814607d6/1,542
27e16614814607d6/1,31
27e16614814607d6/1,185
27e16614814607d6/1,430
27e16614814607d6/1,569
27e16614814607d6/3,1658
76fe92d18bdf2c90/13,10
76fe92d18bdf2c90/13,26
76fe92d18bdf2c90/13,170
76fe92d18bdf2c90/13,296
76fe92d18bdf2c90/13,1736
76fe92d18bdf2c90/13,147
76fe92d18bdf2c90/13,724
76fe92d18bdf2c90/13,1463
76fe92d18bdf2c90/14,214
76fe92d18bdf2c90/14,217
76fe92d18bdf2c90/14,293
76fe92d18bdf2c90/14,147
76fe92d18bdf2c90/16,170
76fe92d18bdf2c90/16,3799
76fe92d18bdf2c90/17,3611
a09f5951311acf45/8,1147
8800218fcfffdd15/1,967
9076358c5529e7a2/1,296
61a510dafc082665/30,214
61a510dafc082665/31,37
836d7019c847bd5c/5,16
836d7019c847bd5c/7,404
836d7019c847bd5c/7,705
836d7019c847bd5c/7,821
199ea75692037b0a/7,613
199ea75692037b0a/9,13
8f8cf06053855e9c/1,1055
8f8cf06053855e9c/2,422
8f8cf06053855e9c/2,944
8f8cf06053855e9c/2,3918
63a1b0f784b6436e/2,2003
63a1b0f784b6436e/3,550
63a1b0f784b6436e/3,157
63a1b0f784b6436e/4,388
63a1b0f784b6436e/4,967
63a1b0f784b6436e/4,120
63a1b0f784b6436e/4,1080
63a1b0f784b6436e/5,120
d2dabc08d5e8eb77/4,259
d2dabc08d5e8eb77/5,536
d2dabc08d5e8eb77/5,727
d2dabc08d5e8eb77/5,1736
d2dabc08d5e8eb77/5,2488
d2dabc08d5e8eb77/5,1957
d2dabc08d5e8eb77/5,1536
d2dabc08d5e8eb77/5,3886
d2dabc08d5e8eb77/5,849
d2dabc08d5e8eb77/6,170
d2dabc08d5e8eb77/6,1099
2c3a72ecad716613/1,835
2c3a72ecad716613/1,119
2c3a72ecad716613/1,674
2c3a72ecad716613/1,993
2c3a72ecad716613/1,1145
2c3a72ecad716613/1,2492
2c3a72ecad716613/2,731
2c3a72ecad716613/2,835
2c3a72ecad716613/2,1184
2c3a72ecad716613/2,70
2c3a72ecad716613/2,674
2c3a72ecad716613/2,993
2c3a72ecad716613/3,2557
2c3a72ecad716613/3,215
2c3a72ecad716613/3,1145
2c3a72ecad716613/3,2141
2c3a72ecad716613/3,2149
bc0ae0ff251690e3/1,255
aeeca8fa795595ce/3,26
aeeca8fa795595ce/3,259
aeeca8fa795595ce/5,206
2e3cfbf69c2bb990/1,293
2e3cfbf69c2bb990/1,1657
2e3cfbf69c2bb990/1,1552
2e3cfbf69c2bb990/1,2545
2e3cfbf69c2bb990/1,1109
2e3cfbf69c2bb990/2,85
e428851a374d3e32/1,31






